"horizon","true_irf","theta_hat","mean_coef","mean_se_HC","mean_se_NW","lower_sym","upper_sym","lower_eq","upper_eq","lower_pct","upper_pct","lower_norm","upper_norm","iter"
1,0.5,0.518199890687927,0.506417564530208,0.0977518462014618,0.0984656095819273,0.421678853226588,0.614720928149266,0.424287017232779,0.590545277726852,0.42530864492226,0.574136820320955,0.338105401982188,0.698294379393666,1
6,1e-06,0.0432083158113951,0.178827062152121,0.136381418424807,0.135214084717686,-0.149458681517722,0.235875313140513,0.0880893522784812,0.241409305905409,0.0844825513330216,0.278080935959602,-0.160393711085359,0.24681034270815,1
12,0.000244140625,-0.273979438156621,0.0571445812118192,0.120992370018407,0.139089075486464,-0.693438109566131,0.145479233252889,-0.0925469928109689,0.185589961911706,0.0125910629238935,0.269018688515696,-0.457150119264283,-0.090808757048958,1
18,1e-18,-0.015000219313004,-0.0806739440706535,0.147667771929363,0.165023785216177,-0.140041042782611,0.110040604156603,-0.163295393659997,-0.015277504336343,0.0130358710166493,0.175718263424446,-0.226856647814073,0.196856209188065,1
1,0.5,0.487756726633585,0.506142900492071,0.0905435037835784,0.103150563802446,0.403241659663707,0.572271793603463,0.453625163805627,0.579640454161121,0.433610952701447,0.591728671887487,0.370946897509358,0.604566555757812,2
6,1e-06,-0.0215213507625261,0.0464577833054728,0.111261542373164,0.116547113907963,-0.140743573263948,0.0977008717388961,-0.028524319352402,0.110881208044387,0.0091493650484835,0.132710808116306,-0.172313884343335,0.129271182818283,2
12,0.000244140625,0.0615008283632488,0.0156338722348729,0.123635912221378,0.133134263737205,-0.0571008042555218,0.180102460982019,-0.0657025886634498,0.108387937425043,0.018266489874256,0.11861814325044,-0.1198605641929,0.242862220919398,2
18,1e-18,0.0519023031215354,0.0357240609921724,0.12662655856246,0.140443815945895,-0.0975680451878689,0.20137265143094,-0.0599915339905549,0.203100707503951,0.042018990611232,0.236568485164746,-0.118074714062057,0.221879320305128,2
1,0.5,0.445626052849871,0.401040402863615,0.0964015872347299,0.111666723062635,0.327671588729947,0.563580516969795,0.298425136111453,0.446691875872209,0.301548648094158,0.44734261135582,0.29652163245556,0.594730473244181,3
6,1e-06,0.0267141792210618,0.08758193632131,0.117145556821369,0.13144223212683,-0.0907980223406652,0.144226380782789,0.0234584658937784,0.146270424836769,0.02335837519315,0.175011407847376,-0.157789429544493,0.211217787986617,3
12,0.000244140625,0.0773899920766939,-0.0153295436235363,0.0974281503393344,0.116639523427212,-0.212733582365011,0.367513566518399,-0.273211935598604,0.12772148871409,0.0184528939289327,0.265919940939219,-0.105554767238438,0.260334751391825,3
18,1e-18,-0.0952617246943449,-0.0169369094521436,0.127454908146765,0.115525165520605,-0.454849549852386,0.264326100463697,-0.198801972660913,0.305467041354097,0.080671907907936,0.162355759922702,-0.413093062643568,0.222569613254878,3
1,0.5,0.556844097877026,0.513357084307048,0.0902162112719812,0.0957212777149303,0.450935133661079,0.662753062092974,0.444606198010867,0.603964403760318,0.46139956694973,0.632587021580158,0.435304504060983,0.67838369169307,4
6,1e-06,0.144501424415109,0.11794308775565,0.12562439836683,0.133679276923227,0.00846588175573113,0.280536967074486,0.00397810192041975,0.224544251705877,0.0488311378570746,0.234423465574822,-0.0235117711091117,0.312514619939329,4
12,0.000244140625,0.060539584412285,0.0801557288116273,0.131255700253885,0.141093784166854,-0.175145189084645,0.296224357909215,-0.106009172534658,0.305619486088595,0.108404507125767,0.293391596938888,-0.141602106521894,0.262681275346464,4
18,1e-18,0.104142569089507,0.00694636868545597,0.125893233740554,0.149575262208344,-0.356517756572859,0.564802894751873,-0.392767450891347,0.249425241152257,0.0790563733497612,0.256994882290654,-0.174370111855784,0.382655250034798,4
1,0.5,0.522227101546063,0.485734927155888,0.100061479113955,0.101305906480008,0.421580938817842,0.622873264274285,0.412111979026466,0.541690713871499,0.387541755593076,0.548349485510087,0.395385787495404,0.649068415596722,5
6,1e-06,-0.0710173979329925,0.0299584424660959,0.111839467893825,0.120104254972383,-0.346116663175225,0.20408186730924,-0.156508480445392,0.211630876083642,0.00840312058415793,0.191361043841177,-0.301654595072034,0.159619799206049,5
12,0.000244140625,0.223956303401762,0.0121896343871146,0.105408739603753,0.118681426869387,-0.231477625655804,0.679390232459328,-0.239997642018778,0.0872630810221981,0.0224069139462223,0.150383931270694,-0.0285208650933672,0.476433471896892,5
18,1e-18,-0.193660349052327,0.052514769955826,0.120392935549164,0.129805333301151,-0.501204716827664,0.113884018723009,-0.0766522862278967,0.12867847981644,0.00267452664727313,0.165245428560681,-0.352343836975723,-0.0349768611289315,5
1,0.5,0.483287830176783,0.423777305631388,0.0964748453847539,0.10525585206281,0.315891005564398,0.650684654789168,0.294469392167025,0.536615269985645,0.284990082621308,0.5517962911878,0.337290531902836,0.629285128450729,6
6,1e-06,0.0349844928390604,0.0219391954692363,0.111069205013422,0.119198453452922,-0.123092957587713,0.193061943265834,-0.135993977181411,0.101899982645276,0.0271116375920048,0.129774945041229,-0.157725281201056,0.227694266879177,6
12,0.000244140625,-0.156026322578211,-0.0325917683164689,0.117498333420506,0.127924432287108,-0.353049672541018,0.0409970273845958,-0.142444585540703,0.0514164857255892,0.0520361379275938,0.146145934814309,-0.326931385283751,0.0148787401273282,6
18,1e-18,-0.0213776426584052,0.0652178584391813,0.118172143920364,0.124095933135928,-0.208790133335661,0.16603484801885,-0.0552873651468516,0.200226162772761,0.0236547388373256,0.236656157823368,-0.167174455441014,0.124419170124204,6
1,0.5,0.526556776652069,0.518391775367147,0.0963022363276052,0.098435108549681,0.465790849761479,0.587322703542659,0.463154452384811,0.560571007686247,0.449302377335659,0.570130439238023,0.390551812012717,0.662561741291421,7
6,1e-06,0.0580524309224463,0.122954551422472,0.120490568700436,0.131851231008683,-0.0681483965613482,0.184253258406241,-0.0180203975707437,0.188171721029444,0.0783800428955225,0.240703598791837,-0.0927093299066901,0.208814191751583,7
12,0.000244140625,0.0914484170886304,-0.0565684101343064,0.140517672370977,0.148541065384376,-0.121155020314902,0.304051854492163,-0.121384928777971,0.154781633296616,0.0539879802460052,0.21736969467834,-0.096506205852495,0.279403040029756,7
18,1e-18,-0.112921947661568,-0.0133232788629944,0.121127813390083,0.142712258402723,-0.423504686719864,0.197660791396729,-0.151541896259017,0.205260794196988,0.0137852650840902,0.167715841858222,-0.362826844629225,0.13698294930609,7
1,0.5,0.480860157291798,0.441064679853498,0.0989964124727718,0.105148095395698,0.395309887045426,0.56641042753817,0.39031267393084,0.496979115842375,0.365902984994989,0.499824921590404,0.356581523243351,0.605138791340244,8
6,1e-06,0.0171997304670627,-0.0140172941898959,0.128328190333802,0.129570163230296,-0.139081744921839,0.173481205855964,-0.157555463805428,0.0961936172592306,0.0187892927739485,0.1569261650099,-0.237006304903579,0.271405765837704,8
12,0.000244140625,0.11112727324933,-0.0333215892671025,0.104279635944477,0.11473382575182,-0.156052044309114,0.378306590807773,-0.189355429037811,0.052509178503895,0.0185882636549007,0.172601019683273,-0.0568759913756406,0.2791305378743,8
18,1e-18,0.00859038531864843,-0.0279432922339989,0.110616356742934,0.124350206588731,-0.131505393883867,0.148686164521164,-0.140802045129062,0.062249005945884,0.0114476916379179,0.127255698972613,-0.170327715020362,0.187508485657659,8
1,0.5,0.524746210431968,0.556029071073887,0.0880373427639556,0.101961985197614,0.439944819949389,0.609547600914548,0.509740050678195,0.616344767909096,0.505941203242916,0.616924940302102,0.378053358348469,0.671439062515468,9
6,1e-06,0.0684975061943129,0.0799012383792468,0.120808264575806,0.139505495093578,-0.18566979077764,0.322664803166266,-0.182150274380078,0.286478727690261,0.098273053709777,0.268950971735147,-0.148111349194541,0.285106361583167,9
12,0.000244140625,-0.367822336551086,0.0527494324213526,0.144724528679472,0.155534923503662,-0.898692307715349,0.163047634613178,-0.159837975407564,0.20128104568618,0.0213402776247501,0.160495863706583,-0.575239041104501,-0.16040563199767,9
18,1e-18,0.1298899367823,-0.0402058699336442,0.138748245555632,0.147448564993783,-0.486839479235103,0.746619352799702,-0.599555717614985,0.163215861123426,0.0745892060457319,0.309647226141168,-0.140858269018109,0.400638142582709,9
1,0.5,0.377418172574564,0.386279445002093,0.0792895645450866,0.0965949875064132,0.179222582615891,0.575613762533237,0.215551266079505,0.556827615132093,0.240279452542363,0.534327697630352,0.208181311991759,0.546655033157368,10
6,1e-06,0.108634712149078,0.00975472371467771,0.122021384354493,0.126170681380543,-0.0576251248470026,0.274894549145158,-0.0794549511310384,0.153222910893349,0.0156751335539272,0.163221529365425,-0.046919842864571,0.264189267162727,10
12,0.000244140625,-0.10189206666243,-0.0374572361232046,0.121046535691215,0.127033947526798,-0.300615067477013,0.0968309341521522,-0.149322772696789,0.119633047247179,0.0114592675290475,0.14416931512822,-0.32203738690601,0.118253253581149,10
18,1e-18,-0.0919607238729599,0.0158449956892375,0.125637695376283,0.124951149739437,-0.307943333404639,0.124021885658719,-0.166269927573706,0.133867903167375,0.0248260989171783,0.190721094403588,-0.299803605491559,0.115882157745639,10
1,0.5,0.20506800547181,0.216188607616481,0.0873709362559721,0.10148418883727,0.0952823661084483,0.314853644835172,0.114146935296698,0.309180996109404,0.146481293307232,0.27122067583162,-0.0177233561969057,0.427859367140526,11
6,1e-06,-0.0491251210600113,-0.00634386944129158,0.11061949274576,0.109478679402267,-0.207819556352145,0.109569314232123,-0.119764746856396,0.125753774949529,0.0624060978639769,0.161202400037014,-0.192378875922102,0.094128633802079,11
12,0.000244140625,0.0632888958708354,-0.0687816706284059,0.105148689451414,0.112299370064294,-0.184456485709448,0.311034277451119,-0.207039489585639,0.064778963593571,0.0167347240794612,0.210767838994878,-0.0889634615171572,0.215541253258828,11
18,1e-18,0.0673411663452034,-0.0535686445857716,0.0959817763586321,0.116633777420754,-0.190876344598249,0.325558677288656,-0.24891928477482,0.0690040570224883,0.020191107031266,0.256434707754177,-0.0602253857988959,0.194907718489303,11
1,0.5,0.550592643176339,0.438047866187102,0.10053513227437,0.10245325723389,0.306089866276777,0.795095420075901,0.291673183297166,0.582013238630237,0.30997030771533,0.592775672689107,0.388306787225734,0.712878499126944,12
6,1e-06,0.233375006420886,-0.00478018991846822,0.106634918263158,0.107907017982869,-0.157704009114213,0.624454021955984,-0.181198375357971,0.0791183001218234,0.0205697420246135,0.104235034096884,0.0386065489028687,0.428143463938902,12
12,0.000244140625,-0.0594279424857984,-0.0170666022968553,0.127686432606167,0.12597827017762,-0.190557077127844,0.0717011921562477,-0.118062977884172,0.0878984465508866,0.00323318607817338,0.169992445355637,-0.233602087294899,0.114746202323302,12
18,1e-18,-0.0274469938824439,0.0200798130440036,0.124111102256273,0.12865943440732,-0.152060053002989,0.0971660652381012,-0.069055535548596,0.0980121901860674,0.00934598870250067,0.0895603838327617,-0.24645517525487,0.191561187489982,12
1,0.5,0.308482268668799,0.218806163261917,0.0992398667281154,0.108505684351316,0.0971412933126776,0.519823244024921,0.0937560791556424,0.338894077378511,0.0698529422859448,0.350846365561935,0.173959385719085,0.443005151618513,13
6,1e-06,0.178541984647297,0.0820396564959699,0.107594384056659,0.109545027304164,0.0090425017573659,0.348041467537228,0.00355376112224418,0.213022386152376,0.0104150932401954,0.209586010779796,0.024132056259919,0.332951913034675,13
12,0.000244140625,0.0164242614969333,-0.0193283277397501,0.110907553602674,0.116706728295521,-0.131775107042291,0.164623630036157,-0.141100777605673,0.105403166088704,0.0461330227787748,0.144845998352921,-0.179612278399205,0.212460801393072,13
18,1e-18,-0.0644307406012703,-0.031056970067306,0.0897297457055349,0.106902286717726,-0.226665883401122,0.0978044021985818,-0.109008898170132,0.127250200455403,0.0168723275208919,0.109815273456255,-0.25559367414201,0.12673219293947,13
1,0.5,0.420040907514342,0.45582093397087,0.084453977354027,0.0967057927502055,0.333430881600595,0.506650933428089,0.426271885900575,0.512776294637394,0.426563337165048,0.492563415916086,0.262982482827846,0.577099332200839,14
6,1e-06,0.21115661236957,0.145233587931682,0.12034789637566,0.12777908734802,0.126380219890014,0.295933004849126,0.115656755336561,0.208785172080366,0.0610413302096982,0.206989889432771,0.0724162703446876,0.349896954394453,14
12,0.000244140625,0.116285862033078,-0.0651883219481132,0.132425108842744,0.139337186958497,-0.142871011447227,0.375442735513384,-0.153482568626172,0.062166221121558,0.0105711136804213,0.20825014500108,-0.0413474668235743,0.273919190889731,14
18,1e-18,0.180431624834973,-0.0655520318092575,0.129823277993699,0.130702982877309,-0.328485093647022,0.689348343316968,-0.354860785669149,0.137304804128073,0.100362334946681,0.226095388523505,-0.0229009750436555,0.383764224713602,14
1,0.5,0.346762366344344,0.371564938881994,0.0965819180471477,0.0988532804499579,0.247809317338033,0.445715415350655,0.294396330823455,0.453160419533846,0.292255066568807,0.477594866401385,0.228564373228895,0.464960359459794,15
6,1e-06,0.34305173221807,0.132192709965722,0.130811220236547,0.124656760655159,-0.0190157217107627,0.705119186146902,-0.0787924147515357,0.299226182827178,0.139063419152128,0.275647641288455,0.18094753004268,0.505155934393459,15
12,0.000244140625,0.206437278101844,0.1315682625633,0.112859869159333,0.129853705073436,0.0472764857770384,0.365598070426649,0.0424873857624327,0.232885015573931,0.033656664545348,0.237276865721995,0.0330820667559033,0.379792489447784,15
18,1e-18,0.0533214759042592,0.101770038333123,0.128178970066248,0.141023892597109,-0.0685968211364888,0.175239772945007,0.00921232637952293,0.199610636325441,0.00792264887291055,0.276804541656298,-0.130846893705791,0.23748984551431,15
1,0.5,0.424913569412964,0.360918030372991,0.083861469915046,0.102162385573669,0.113449144821003,0.736377994004924,0.0633063641222895,0.549902412505053,0.214300858008169,0.518305422642288,0.229290879421368,0.62053625940456,16
6,1e-06,-0.257172772472019,-0.0367294620777724,0.106064503313192,0.114028037366157,-0.66782249274297,0.153476947798931,-0.210111871853194,0.164529041817063,0.0622748881625985,0.233409454431074,-0.479153609016495,-0.0351919359275427,16
12,0.000244140625,-0.0301975299429797,0.0278091274156357,0.127068693457728,0.130092782147498,-0.265566887111066,0.205171827225106,-0.142063846934121,0.227379086039076,0.0225403169472513,0.294512239312951,-0.230996965533916,0.170601905647956,16
18,1e-18,0.0773591825273304,0.00016921420070069,0.113084014262452,0.11252507086114,-0.187286608116898,0.342004973171559,-0.241157764352845,0.108038864824726,0.038056179104444,0.154891560061516,-0.103070111249936,0.257788476304597,16
1,0.5,0.435287578844398,0.429763875508195,0.0899885921625233,0.100976956203996,0.379581103259204,0.490994054429591,0.40158105519322,0.491071634292577,0.389141656882698,0.491362100169114,0.312421945698532,0.558153211990263,17
6,1e-06,0.17987076136884,0.109483561104586,0.100955858636377,0.119032291798626,-0.0845240840974364,0.444265606835116,-0.103641104770703,0.217315823239853,0.05546554834346,0.206598938500314,-0.0341037990773569,0.393845321815037,17
12,0.000244140625,-0.122400949928707,0.0287915118624721,0.120502189019625,0.128688117181459,-0.410559731640676,0.165757831783261,-0.109020759366229,0.173955646944149,0.0320660715111771,0.189543919048754,-0.303484932603269,0.0586830327458539,17
18,1e-18,-0.0331666961471034,-0.106329087884355,0.129513020070861,0.128324897613364,-0.265012218910631,0.198678826616424,-0.281401209898799,-0.0255357053537968,0.0271537995025332,0.205938874694618,-0.300090431870315,0.233757039576108,17
1,0.5,0.416807510086886,0.373543776833489,0.110086346482305,0.109065279958677,0.275963459762002,0.55765156041177,0.259211016103213,0.468049992980449,0.247891361307156,0.462569457129169,0.237536279455644,0.596078740718128,18
6,1e-06,-0.0144792172731643,0.115568842726118,0.097478519453147,0.108848164618201,-0.372010677515599,0.34305224296927,0.0012791923173907,0.372637389503537,0.0161737662549274,0.270177067138254,-0.224295519765608,0.195337085219279,18
12,0.000244140625,-0.0508639126463846,0.0947769874340518,0.112480201238282,0.121032390476986,-0.2719401915898,0.170212366297031,0.0196028351562921,0.204908322820194,0.0211861949066554,0.211922231091329,-0.218422419949965,0.116694594657196,18
18,1e-18,0.0498897637378209,0.0466991728598799,0.105205982246725,0.114608793412711,-0.082377253615839,0.182156781091481,-0.0898201684092286,0.123793389949564,0.0288251669005596,0.150979740129461,-0.0974565587288991,0.197236086204541,18
1,0.5,0.538547589996034,0.485969318978388,0.0838725997040588,0.101040167266274,0.418153519077053,0.658941660915015,0.406460211202584,0.571445285838395,0.403801731600659,0.57897967506636,0.408149901970781,0.668945278021287,19
6,1e-06,0.171568469588503,0.0814439021171146,0.105567725742958,0.116395637442313,-0.169310463630211,0.512447402807217,-0.182704387119418,0.225652136839696,0.0377829530590519,0.203685545107519,-0.0873895497994501,0.430526488976456,19
12,0.000244140625,-0.0214528652641177,0.0102637490550463,0.103544615887058,0.120778691081181,-0.348075487659795,0.305169757131559,-0.243550533235753,0.319840844030248,0.0465305088322091,0.215335789472082,-0.27863346778801,0.235727737259775,19
18,1e-18,0.176948717916953,0.102128577733971,0.119717623909223,0.136265632924182,-0.014847793441538,0.368745229275443,-0.0449149521841118,0.249189481992828,0.0975830628618016,0.234531390250008,-0.0247864372938358,0.378683873127741,19
1,0.5,0.490202744804492,0.593267607323864,0.100191260216001,0.112941884142028,0.264793366372084,0.715612123236901,0.496642602511734,0.725121325960506,0.496183911843176,0.670412402923372,0.298521025014693,0.681884464594292,20
6,1e-06,-0.00285875102590341,0.117672669194453,0.135570958546011,0.133720623679715,-0.214308308081966,0.208590806030159,0.0188721816371788,0.229470363136153,0.0261715564247978,0.266524246449048,-0.207443228774563,0.201725726722756,20
12,0.000244140625,0.0480398241961304,-0.080966391398334,0.127978377619117,0.143002474513537,-0.162804807495082,0.258884455887343,-0.166650465985042,0.0653036832869118,0.0664835522027799,0.172538461233431,-0.136595103011648,0.232674751403909,20
18,1e-18,-0.0721466246322112,-0.00521984240858158,0.143629313160067,0.148061255080412,-0.303281534050243,0.158988284785821,-0.149792997721621,0.202715348152142,0.0128155379178477,0.246181024345006,-0.291407499656437,0.147114250392015,20
1,0.5,0.470812744307812,0.467673533099468,0.0902018087022814,0.0996391739200635,0.23812576217642,0.703499726439204,0.262478972112086,0.68810628385497,0.328675352467012,0.655957032467294,0.310520152255684,0.631105336359939,21
6,1e-06,0.240149566860186,0.232437949002172,0.107466015352071,0.126578792703077,-0.0157591177355787,0.49605825145595,-0.0265234710346178,0.420157112854924,0.0718994789513298,0.44591254930585,0.0189209526561158,0.461378181064256,21
12,0.000244140625,-0.109657345220756,0.0322805765038181,0.123339973346574,0.139171507937993,-0.423040906249578,0.203726215808067,-0.26337650888697,0.22151551073729,0.058201720856575,0.305281488908183,-0.303752792382525,0.0844381019410135,21
18,1e-18,-0.0974345836968097,-0.00761096467048644,0.126523570427558,0.147082044114224,-0.2835372171736,0.0886680497799805,-0.11166966090326,0.106756019162859,0.0224396502400045,0.137294522257324,-0.273434429431312,0.0785652620376925,21
1,0.5,0.527481891406396,0.574134777167541,0.0877367240502761,0.101648029890501,0.380821636924365,0.674142145888426,0.507000713856694,0.676234775840259,0.513132229388513,0.64315559474846,0.347622239923207,0.707341542889584,22
6,1e-06,0.0136900618959686,0.04783621771867,0.115143255220487,0.131445673286221,-0.141291604756694,0.168671728548631,-0.0234911954623477,0.195233567506749,0.000197205065211103,0.220630346550424,-0.16627406936304,0.193654193154977,22
12,0.000244140625,-0.231027209005062,-0.0832505042230087,0.120737517522928,0.126587807918989,-0.49367495603003,0.0316205380199052,-0.193038403398771,0.0391564341578935,0.0107383778050257,0.192222041855704,-0.421444181190763,-0.0406102368193617,22
18,1e-18,-0.0531019865358286,-0.0145698242748074,0.122569044872526,0.137535508411738,-0.249281374401262,0.143077401329605,-0.163658298222626,0.160177967691589,0.0604434445183172,0.179283190123937,-0.250770490671486,0.144566517599829,22
1,0.5,0.518962040719196,0.575396424785373,0.0986640081268253,0.10120753006483,0.394699347754068,0.643224733684324,0.503540778515807,0.658883458548016,0.497564647808585,0.664189494329735,0.397480390623059,0.640443690815334,23
6,1e-06,0.168588794103566,0.0635360917758972,0.133347591281765,0.138459605831731,-0.0455552579911038,0.382732846198237,-0.0745261166983508,0.191261478853905,0.0267642919042652,0.184805046117718,-0.0401457009390453,0.377323289146178,23
12,0.000244140625,0.026612346996372,0.0694242169917659,0.127943806022352,0.132699396934507,-0.0959841879950574,0.149208881987801,-0.00960029256409042,0.165104967535376,0.0117035216027817,0.166818192418033,-0.189758160580721,0.242982854573465,23
18,1e-18,-0.00935420691895333,0.0493376834945377,0.131554422484989,0.143060263739797,-0.221307344911866,0.202598931073959,-0.108083157804373,0.225113522072411,0.0467894625015805,0.280279109801376,-0.152507453965267,0.13379904012736,23
1,0.5,0.430042669736413,0.469087135197136,0.101001386688246,0.102480754610996,0.357587137890724,0.502498201582102,0.417678589788793,0.50698659399459,0.408956692134127,0.527411463073077,0.323826249341471,0.536259090131355,24
6,1e-06,0.118402350994776,-0.00103538682408331,0.113846149865862,0.121263545323748,-0.234136992398796,0.470941694388348,-0.261787154708904,0.186970446824783,0.0228900678990712,0.188058855574368,-0.11396422448465,0.350768926474202,24
12,0.000244140625,0.130481227319224,-0.000264628763425051,0.129660948583958,0.127022430183548,-0.102717406001819,0.363679860640267,-0.105928524212597,0.160908071654575,0.0387177311062946,0.183063709927229,-0.0567358850996917,0.31769833973814,24
18,1e-18,-0.16203451923356,-0.0592791753665775,0.116103425597034,0.122813526175052,-0.498198918433606,0.174129879966486,-0.199381984727925,0.209671297203042,0.0100454346743424,0.197498802314874,-0.406671865538465,0.0826028270713447,24
1,0.5,0.651094617596339,0.649013558093,0.0924804210747375,0.0991799002775405,0.426858928974754,0.875330306217925,0.47057838231924,0.869594801944072,0.502229437152625,0.850309341693179,0.483260945181406,0.818928290011273,25
6,1e-06,0.0376519432588194,0.0717271531673548,0.139503162178761,0.13998985734145,-0.0891115147339273,0.164415401251566,-0.0203258870954407,0.175267809631141,0.0292234639967123,0.152897182924157,-0.203957718763835,0.279261605281474,25
12,0.000244140625,-0.14676764760518,-0.0587830573318495,0.144931772430438,0.145182196302792,-0.314573184117386,0.0210378889070251,-0.156276175862546,0.0438045752918143,0.0276590993455473,0.155858767323509,-0.325983102666792,0.0324478074564312,25
18,1e-18,0.0379161499427047,0.106605632504905,0.161164393216831,0.162287425858202,-0.11652103414695,0.192353334032359,-0.0650033124016876,0.198975017992923,0.0514415994253308,0.204035268983472,-0.182044964672984,0.257877264558393,25
1,0.5,0.544412772888534,0.569446841725799,0.0889091580075064,0.0994886679704871,0.383147932160505,0.705677613616563,0.409124474233159,0.663703649218652,0.443671192405993,0.657047942520248,0.366901409553447,0.721924136223621,26
6,1e-06,0.255020320836891,0.174700560040982,0.130544650557321,0.138048957433336,0.0263966793795554,0.483643962294226,0.00256562674424177,0.24548873302157,0.0522458355728978,0.24633058958497,-0.00317813917406007,0.513218780847841,26
12,0.000244140625,-0.139590754319576,-0.0195627098254129,0.120526745199208,0.138235646944701,-0.285457827258785,0.00627631861963285,-0.119092141529937,0.0310596831316358,0.0476591823146498,0.17685098801371,-0.26841903980526,-0.0107624688338921,26
18,1e-18,-0.25173267742217,-0.109098264029837,0.156084614470262,0.164513856406708,-0.703219731646542,0.199754376802203,-0.375504114388954,0.287239662995194,0.0633221157821538,0.363376298913397,-0.553499635384618,0.0500342805402787,26
1,0.5,0.524053105494967,0.550144888474056,0.0935669801876547,0.0954768368642775,0.374722678855867,0.673383532134068,0.460513925535131,0.692445953840129,0.447966326097944,0.633275454633692,0.35645682924351,0.691649381746425,27
6,1e-06,0.224488291696255,0.057407133903731,0.103191248687335,0.112769269938961,-0.113780705486512,0.562757288879022,-0.171895920882321,0.192806083294865,0.0434165535967955,0.192160032856211,0.0743455402824972,0.374631043110014,27
12,0.000244140625,0.161403415205778,0.0670185847177291,0.128510335444766,0.143355334538452,-0.0117854415753897,0.334592271986947,-0.0214534721902821,0.179538967201206,0.0118580357221053,0.183444563343783,-0.0592246330789077,0.382031463490465,27
18,1e-18,-0.0366872053553117,0.0556908099714126,0.123296486041479,0.130748204488059,-0.132947008976281,0.0595725982656577,-0.0414764206792528,0.0602740266946655,0.053142438579739,0.116119035340589,-0.174313350137317,0.100938939426694,27
1,0.5,0.54143744686942,0.490922274301722,0.0948062807286665,0.0992654500284405,0.259732178529851,0.823142715208988,0.242271891270325,0.690426867012716,0.233221612874544,0.693547688407016,0.40962979200441,0.673245101734429,28
6,1e-06,0.236356469782269,0.00607443720462626,0.132514430769998,0.122485370158863,-0.128068244995023,0.60078118455956,-0.144314436374876,0.197286576166464,0.0650913196756709,0.27950695970595,0.0543400569903112,0.418372882574226,28
12,0.000244140625,-0.064427133617075,0.0245937851900689,0.120007112756605,0.132836659189931,-0.345107781804471,0.216253514570321,-0.121639372373052,0.26790089152448,0.0496726377700439,0.205413219606452,-0.268477696660848,0.139623429426698,28
18,1e-18,0.218967845951692,0.0292844883590441,0.126859786524306,0.141219161002735,-0.0419772859358989,0.479912977839283,-0.0722950844662769,0.120109257208825,0.0295138781256894,0.11618883375358,0.0303301415538527,0.407605550349531,28
1,0.5,0.436258189233255,0.388605800154857,0.0905315989087382,0.0931710779901386,0.293272592139629,0.57924378632688,0.274343273312716,0.495550428485481,0.303676275427366,0.515731654444251,0.303940312371912,0.568576066094597,29
6,1e-06,0.0224368632564735,0.0346025945184095,0.113151990570699,0.111336031397036,-0.104487704307135,0.149361430820082,-0.0966886219688287,0.128503914576089,0.0422980688150462,0.112615815569053,-0.163798024076081,0.208671750589029,29
12,0.000244140625,0.227055532429987,-0.0836690269599117,0.107084322628936,0.112813118774108,-0.302452619522127,0.7565636843821,-0.323740549147247,-0.0234221603195744,0.0169339690413868,0.280592937476875,0.00912006515213304,0.44499099970784,29
18,1e-18,0.0755308631097079,0.0324166643426696,0.117988256216078,0.129494467722422,-0.168417402740507,0.319479128959922,-0.0949012711758962,0.302695445596743,0.0409031214789659,0.234149930605045,-0.15816363637359,0.309225362593006,29
1,0.5,0.558637365823634,0.596280679449815,0.0921033036050365,0.0969298042610863,0.3385874343708,0.778687297276467,0.470093376312434,0.790876543726132,0.45734489494676,0.79031093432077,0.403409141999575,0.713865589647693,30
6,1e-06,0.153912583672759,0.0624996378506113,0.106587644567136,0.12795249338944,-0.158719646983268,0.466544814328786,-0.182599055456782,0.233641519009587,0.0342949578407369,0.216560767041935,-0.0663996208317583,0.374224788177276,30
12,0.000244140625,-0.0251330790559031,0.0731876329363232,0.119657798563424,0.128779532426115,-0.172217117819258,0.121950959707452,-0.0744985484048313,0.125608879862076,0.0776612701503038,0.171357188423522,-0.193210716150563,0.142944558038757,30
18,1e-18,-0.0845569706339732,-0.0703577118543412,0.128183829311251,0.141722921354938,-0.241376882832627,0.0722629415646809,-0.219780914275258,0.0719058688541369,0.0707149647442496,0.233779285645763,-0.259374480178578,0.0902605389106312,30
1,0.5,0.306709697421919,0.192547692443345,0.0898771063056748,0.106094986302807,0.0651319470865148,0.548287447757323,0.0364069189007402,0.259840620259496,0.0999577046458301,0.266566859543857,0.134149058868655,0.479270335975183,31
6,1e-06,0.0372877654011027,0.0241370859022622,0.0986817065319397,0.106507201597427,-0.0916025393346305,0.166178070136836,-0.104186296864667,0.108872974345429,0.0157472329737882,0.142094555871974,-0.111386421986909,0.185961952789114,31
12,0.000244140625,-0.0882565749595486,-0.0895430410771964,0.100865305070457,0.106260862254069,-0.474904116685524,0.298390966766427,-0.374034419873943,0.262325061736331,0.0539324290169513,0.32677470618958,-0.293834211472091,0.117321061552994,31
18,1e-18,-0.224703896945499,-0.120465138903301,0.0954404661047289,0.109382766235232,-0.453315257593246,0.00390746370224809,-0.273370475500435,0.0399104518512762,0.0784146625160246,0.268904532098124,-0.361403157126634,-0.088004636764364,31
1,0.5,0.603415470292664,0.641901906541708,0.0923663181928301,0.099688857739713,0.469074703705029,0.737756236880299,0.504597560060672,0.743421334252869,0.509352514377018,0.772261009805692,0.451681386606124,0.755149553979205,32
6,1e-06,0.16892984241501,0.123495627570198,0.13208178669263,0.142003210564456,0.0255245731647335,0.312335111665286,0.0216203941633933,0.250063884757069,0.0356566763343156,0.229266380894028,-0.0835184436916281,0.421378128521648,32
12,0.000244140625,0.0913385828482372,0.0830089580312719,0.128596423537006,0.138530668890958,-0.112998780474588,0.295675946171062,-0.0730723748610276,0.281541724535359,0.013129092663805,0.248766408727085,-0.129418556571332,0.312095722267807,32
18,1e-18,-0.0114091803200419,0.136036420503567,0.143515483993131,0.149839770839201,-0.334181804934631,0.311363444294548,0.0134041339636687,0.369006571007712,0.0164352875609974,0.348820110458269,-0.256473446638549,0.233655085998465,32
1,0.5,0.542469464306146,0.542485744846256,0.100531800589179,0.0999357080718055,0.396587317259184,0.688351611353107,0.443053782940674,0.685680079398545,0.430124387770738,0.692434128576033,0.394796382453433,0.690142546158858,33
6,1e-06,0.0438108884613837,0.11775060755893,0.127596785554149,0.148409450905689,-0.21083149019549,0.298453267118258,-0.0763534532166982,0.30602793928397,0.012022318034349,0.269923697711935,-0.216094007542481,0.303715784465249,33
12,0.000244140625,-0.257267795849509,0.0709901631636448,0.132287058613361,0.155189979648653,-0.819661713880801,0.305126122181782,0.0396548172392168,0.322332243717202,0.0120616527223488,0.234949374467761,-0.548553910564314,0.0340183188652953,33
18,1e-18,0.198124868427492,0.0746799688060074,0.177816526766902,0.14737860967509,-0.131345868106396,0.52759560496138,-0.175074191892542,0.194325671732143,0.0437384053120664,0.194706258628056,-0.0972964122331838,0.493546149088168,33
1,0.5,0.424698502876394,0.448390713832246,0.0862709427226622,0.0999854676420445,0.324091199507244,0.525305806245543,0.398977017067395,0.540250234014831,0.396100729273427,0.516065996271216,0.28055516664028,0.568841839112508,34
6,1e-06,0.0211438555668805,-0.0228497945210003,0.108313763163002,0.120268575803501,-0.151134513863237,0.193422224996998,-0.161777071104207,0.113613603910906,0.0560486953226924,0.207858820526835,-0.123796659189564,0.166084370323325,34
12,0.000244140625,0.0423819318750178,0.0221099616217076,0.100982067564698,0.113634215149207,-0.0857272801252287,0.170491143875264,-0.0885608080727968,0.137401496402863,0.020316006467575,0.112217857509235,-0.191244937438889,0.276008801188925,34
18,1e-18,0.0650977115039309,-0.0392059517395428,0.116517254740408,0.121922109506531,-0.16102849416427,0.291223917172132,-0.190513873147374,0.0787229982974985,0.026792437501629,0.120735670981744,-0.125169749789221,0.255365172797083,34
1,0.5,0.500217791097774,0.453694246669119,0.0992027016228322,0.10815159579018,0.282480616426073,0.717954965769475,0.276600272430026,0.604879874002927,0.288513237973805,0.593622580204982,0.343074361711938,0.65736122048361,35
6,1e-06,0.00424954602811975,-0.00223323089901094,0.116359561274292,0.12380439236548,-0.0880885041429723,0.0965875961992118,-0.0874471028128641,0.0769457674031294,0.0208053860053765,0.0862962610320507,-0.20050758782211,0.20900667987835,35
12,0.000244140625,-0.0621493315717515,0.0352512030699925,0.107192919229067,0.117188233370543,-0.260925364057454,0.136626700913951,-0.103049525731584,0.14319054686467,0.0248853832444782,0.149780707152599,-0.257535410068029,0.133236746924526,35
18,1e-18,-0.0622624442494998,0.0334483696201587,0.117328720979084,0.12597845031123,-0.349976262126994,0.225451373627995,-0.124542234346986,0.232623416157993,0.0423445428536305,0.178421713608414,-0.255531027319169,0.13100613882017,35
1,0.5,0.55524381642979,0.606918623515975,0.0992606216322944,0.110311029452701,0.505161133742927,0.605326499116653,0.58945007305924,0.605751414393168,0.596456465915391,0.613319294439785,0.421764636195418,0.688722996664162,36
6,1e-06,0.0335477807810289,0.030142023672942,0.114986481767114,0.130995214407806,-0.161942179504526,0.229037741066584,-0.139170564246248,0.220272319248409,0.0473488786529414,0.236865066292726,-0.130959620939603,0.198055182501661,36
12,0.000244140625,-0.0637031040598385,0.100030124137615,0.140666642649357,0.146434396221152,-0.294244409830273,0.166838201710596,-0.0834285696459051,0.178168299204877,0.120275106135851,0.188441603950932,-0.281830086112518,0.154423877992841,36
18,1e-18,0.115368510748314,0.0121301820292091,0.111711148287628,0.136381417300213,-0.109486056767639,0.340223078264267,-0.136114520092999,0.131564845125024,0.00942966232863703,0.155534241893462,-0.0757077941047931,0.306444815601421,36
1,0.5,0.504721176568338,0.55768212737727,0.0981914416832458,0.109553633803752,0.289727037609631,0.719715315527044,0.428798474428141,0.759047694362133,0.429234902774063,0.685813998185639,0.312930723398675,0.696511629738,37
6,1e-06,-0.00744337602113687,0.0524121497907226,0.133089770723286,0.135114656626979,-0.19814331162087,0.183256559578596,-0.152517413013338,0.173682826059864,0.0512746691999124,0.151386823804286,-0.286382141360233,0.27149538931796,37
12,0.000244140625,0.0818318791117478,-0.0322687282630251,0.132443775810411,0.137457776705101,-0.092197231690167,0.255860989913663,-0.094322598893837,0.098642351189732,0.0878035176646514,0.153619344343744,-0.0830538295286426,0.246717587752138,37
18,1e-18,0.119539207656707,-0.0303201633193023,0.136762656236291,0.142418130062865,-0.084152983269958,0.323231398583371,-0.0971104912807456,0.0823150419107321,0.00463675762322727,0.137706884909677,-0.0519337041010825,0.291012119414496,37
1,0.5,0.471635714195578,0.441917197210907,0.101008481652082,0.106001255333536,0.352940797072331,0.590330631318824,0.341943554396635,0.543253842051024,0.28035167543999,0.575268363575603,0.351430964128784,0.591840464262371,38
6,1e-06,0.0579098755869679,-0.0747122985679144,0.110892866811534,0.122499070004818,-0.285088175018958,0.400907926192893,-0.330763980818026,0.0573438468537264,0.0344688826236123,0.236008942451756,-0.136640336038036,0.252460087211972,38
12,0.000244140625,0.119454310863194,-0.0526523801880745,0.112456001473263,0.121779396537521,-0.142283440636124,0.381192062362512,-0.157932769762781,0.0461795392134113,0.0237121370541155,0.128451946610542,-0.0697877196767387,0.308696341403127,38
18,1e-18,-0.033373200824019,-0.00514201992997237,0.122773979096014,0.135388625039407,-0.205880277039839,0.139133875391801,-0.180997497788305,0.140645499587713,0.0815339274646698,0.190796431594846,-0.231630347160493,0.164883945512454,38
1,0.5,0.512239629931292,0.543813930654394,0.10605323669033,0.10603764851897,0.382859583939911,0.641619675922673,0.425130454827393,0.635547612118899,0.416094633561923,0.637837942207089,0.347860808160152,0.676618451702432,39
6,1e-06,0.124261457388664,0.167090416390642,0.128180997295278,0.1378553209328,-0.0405447865007608,0.289067701278088,0.0357630081377526,0.294335218671668,0.046734460602535,0.30395629344574,-0.0885479818322421,0.337070896609569,39
12,0.000244140625,0.198980632889981,-0.000367952845360586,0.11583820068698,0.133362853377008,-0.110713953254526,0.508675219034489,-0.120375916455697,0.209923244524005,0.0527302013485278,0.209444762414476,0.00737512949480462,0.390586136285158,39
18,1e-18,0.144247679049411,-0.109592549106191,0.133472600834538,0.140885819185269,-0.253969596374123,0.542464954472944,-0.275041634774437,0.0629396730915679,0.0459346991589114,0.25981494888175,-0.0762037702207144,0.364699128319536,39
1,0.5,0.665457338565111,0.624504829640555,0.0867288097588469,0.103922413688532,0.534419867479193,0.796494809651029,0.526889293573709,0.741684192686481,0.521205998953581,0.739215871008202,0.521537056421201,0.809377620709021,40
6,1e-06,0.101809279806531,0.174840181335034,0.134582585053318,0.148072454128625,-0.109217931713912,0.312836491326974,-0.0121955610886007,0.330707894882489,0.0537088887173734,0.344846112025315,-0.123022450491069,0.32664101010413,40
12,0.000244140625,-0.0579199076643024,-0.0259855316617795,0.150593493716795,0.154114690733226,-0.157875473863671,0.0420356585350661,-0.0999957945253867,0.058107005964838,0.00884134959797987,0.106093486560864,-0.249285774996149,0.133445959667545,40
18,1e-18,0.0120077713131445,0.017676150782722,0.151669186150857,0.167027541936622,-0.0828816845740409,0.10689722720033,-0.0501680308280371,0.102833945640518,0.0159544238642715,0.0803481420244537,-0.231152189272015,0.255167731898304,40
1,0.5,0.326099843875379,0.267891420329269,0.0904989400556928,0.104857936933057,0.178254275978265,0.473945411772493,0.16762065154477,0.384858369514014,0.144392577950501,0.405217923375776,0.198416091128741,0.453783596622017,41
6,1e-06,0.068170992799963,0.0302975264126338,0.10772046381803,0.110284431552903,-0.06832567213728,0.204667657737206,-0.0719109697599738,0.166145343366376,0.0274338195728902,0.196934552701943,-0.0770318860612275,0.213373871661154,41
12,0.000244140625,-0.321051515104926,0.0400066721567009,0.111430861932985,0.120742827408496,-0.729088198793967,0.0869851685841156,-0.043577213868904,0.100030343587179,0.0172192059459074,0.106886986948667,-0.491335346815741,-0.150767683394111,41
18,1e-18,-0.153716960644204,0.0211449285897879,0.11858107868524,0.120945966655116,-0.384660860597055,0.0772269393086465,-0.061817066457452,0.0932467411643833,0.00384713189484768,0.137152952346477,-0.348444233167101,0.0410103118786929,41
1,0.5,0.440018204827513,0.306722300049502,0.0927275607708069,0.106542838277797,0.211498463846758,0.668537945808268,0.187374529644875,0.408383851129598,0.1745415019177,0.408317329580366,0.287466267788781,0.592570141866245,42
6,1e-06,-0.0510811545015659,0.00255831602283353,0.0995498439190389,0.113251193492002,-0.180439917449348,0.0782776084462158,-0.0301877774073965,0.0807240532427057,0.00747626118605314,0.0546087988390834,-0.268293061207305,0.166130752204173,42
12,0.000244140625,0.0168764802473135,-0.0503192182815503,0.123291469950985,0.127905408612958,-0.146706743498276,0.180459703992903,-0.172900933520056,0.058673231169768,0.0277679876018546,0.162817688001565,-0.17048898645597,0.204241946950597,42
18,1e-18,-0.120292803033308,0.0483547182587688,0.107537935498792,0.115650715986132,-0.363920328384121,0.123334722317506,-0.0224731863253018,0.143157823739609,0.0185896440457217,0.124889704210894,-0.295197832144648,0.0546122260780326,42
1,0.5,0.524381115768199,0.4996100826178,0.0948580056816902,0.0991902530896771,0.388556592146987,0.660205639389412,0.393463321930645,0.640391571510295,0.415900701336795,0.591200889756435,0.316992004850366,0.731770226686033,43
6,1e-06,0.0223035178594725,-0.0229531762559294,0.112679308806659,0.123588861104365,-0.10737022053454,0.151977256253485,-0.110110399887128,0.114699356088026,0.00876078037417908,0.166887754654984,-0.138520614795402,0.183127650514348,43
12,0.000244140625,0.22087858421443,0.0333894328588804,0.109885490678798,0.119907985986187,-0.0540999421795534,0.495857110608413,-0.0611566179640245,0.162601148068663,0.0170475360663352,0.143700248595571,0.0702398152138048,0.371517353215054,43
18,1e-18,0.282392697043365,0.00364033611139379,0.116421033072254,0.125142057437965,-0.254492149748274,0.819277543835004,-0.302332223399781,-0.0078931588261616,0.00782355373681833,0.0617755507611508,0.0215030305039561,0.543282363582774,43
1,0.5,0.396095718036398,0.374939600735867,0.103289262896965,0.110453979698637,0.321702961035286,0.470488475037509,0.317499925686553,0.435192989135505,0.28126662872244,0.446317290787653,0.25304231823495,0.539149117837845,44
6,1e-06,-0.220446823243748,-0.0551223414754524,0.0979266819245487,0.108275529700413,-0.592093866281702,0.151200219794206,-0.136183669350851,0.157056819038682,0.0724641453946461,0.150175895318563,-0.430145781142045,-0.0107478653454516,44
12,0.000244140625,-0.111124959308783,-0.00797363081356868,0.107200805392508,0.119329349250645,-0.336640616219179,0.114390697601614,-0.208337917651567,0.136766250650884,0.0294374432406161,0.22837572085577,-0.276665749584607,0.054415830967042,44
18,1e-18,0.21869287892311,-0.0545684219426891,0.0995208258657878,0.109252363718801,-0.175490932466936,0.612876690313155,-0.180898953921195,0.0404552782250405,0.00403843654856655,0.147611570368615,0.0440076845217569,0.393378073324462,44
1,0.5,0.47347645126495,0.489787441039939,0.0970785179430079,0.101920556676439,0.387523208580655,0.559429693949245,0.399809273860331,0.546004462218074,0.40551343042964,0.560449932332049,0.306371955559471,0.640580946970429,45
6,1e-06,0.307008270468666,0.122372786852591,0.116649888383508,0.145013445185211,0.017006560746191,0.597009980191142,-0.0191544469415203,0.278229348067477,0.0661750839913434,0.26533215976288,0.167890294338853,0.44612624659848,45
12,0.000244140625,0.0708877560707133,0.0264868401637137,0.110892373023981,0.128088481806495,-0.129185456557405,0.270960968698832,-0.113437943479049,0.223636081123201,0.00775613693197667,0.293632606323226,-0.0941080921310937,0.23588360427252,45
18,1e-18,0.0139444387304435,0.0251976703648154,0.137844834691869,0.147877387353136,-0.257045615904699,0.284934493365586,-0.292255324129849,0.11449302329452,0.0243419124308861,0.313355459333508,-0.130614150278022,0.158503027738909,45
1,0.5,0.678097725498752,0.637288911336935,0.095780848884149,0.101272343947528,0.59598134997892,0.760214101018584,0.585873037864583,0.7085922652587,0.583846067674327,0.713124905537808,0.554174716310446,0.802020734687059,46
6,1e-06,-0.17767365249049,-0.00505712822234217,0.118795594633868,0.126503460979433,-0.499240938830265,0.143893633849286,-0.108790198075874,0.179363097843198,0.017751787331988,0.11191515419298,-0.368593620102866,0.0132463151218864,46
12,0.000244140625,0.0867645767738354,0.0905503242755832,0.134080255998145,0.134291689450288,-0.0398483983015229,0.213377551849194,-0.00988690335537865,0.193968244028075,0.0534566755396725,0.183465801087641,-0.146017292901205,0.319546446448876,46
18,1e-18,0.0886090667963388,-0.0197634596701619,0.127363505720838,0.135306136274102,-0.0613891220959147,0.238607255688592,-0.0629798321252506,0.0700711012501721,0.0109138812463034,0.0926777785945863,-0.0815867866251262,0.258804920217804,46
1,0.5,0.682559173148823,0.832562871883896,0.0891693836820593,0.095177232007321,0.504617639435487,0.860500706862158,0.726225038378195,0.861208188194613,0.72322526096856,0.91182223074039,0.550882808275207,0.814235538022438,47
6,1e-06,0.174793104356168,0.172433713171289,0.139314868728644,0.16464306191907,-0.136161617034775,0.485747825747112,-0.00436841208422459,0.493453276656487,0.0303972698248399,0.416616652110809,-0.0971718638178604,0.446758072530197,47
12,0.000244140625,-0.076276206747526,-0.08891234218301,0.20275656946735,0.199468052625435,-0.1659717538717,0.0134193403766475,-0.176923425453167,-0.0302548345800727,0.01796405655103,0.185294464717852,-0.312565020495865,0.160012607000813,47
18,1e-18,-0.174190779375056,0.00940395485528427,0.179234896710062,0.192858419756524,-0.446533451330966,0.0981518925808548,-0.220488812738141,0.115644970321753,0.0244434999205807,0.251995312173438,-0.423462469049601,0.0750809102994898,47
1,0.5,0.439932573807931,0.464307091722821,0.10415262643852,0.10020474042575,0.347221728848341,0.53264341876752,0.399445055005474,0.543620180710424,0.392641481061962,0.516839691237487,0.261509458636432,0.61835568897943,48
6,1e-06,0.0145360601898933,-0.0258194430759417,0.0999658784141895,0.113013167513031,-0.215900425676666,0.244972546056452,-0.240065136018564,0.141230694342244,0.0653275518890339,0.2616487143659,-0.127796856840144,0.156868977219931,48
12,0.000244140625,0.0162701843731385,-0.0197856842874624,0.110061646076528,0.129590540571988,-0.138003106314787,0.170543475061064,-0.133339965062262,0.11285101377561,0.019617826566616,0.144254228044365,-0.157512125925708,0.190052494671985,48
18,1e-18,-0.0164675276031818,0.0121182412235322,0.111814699030023,0.133930912916925,-0.261591252607866,0.228656197401502,-0.146310540850838,0.242707487523574,0.0225425754187506,0.156731365677946,-0.246776561774915,0.213841506568552,48
1,0.5,0.536012859486675,0.568724286938259,0.0967379006068927,0.109757356542924,0.459627440458984,0.612398278514366,0.477150573953827,0.610869162317295,0.486482262842635,0.610504371634415,0.380592936456712,0.691432782516638,49
6,1e-06,-0.0792217023735523,0.0336144690654231,0.114864211182404,0.127412998890191,-0.267371655503286,0.108928250756182,-0.0306159973733918,0.116591637670456,0.0232548386799805,0.125490112207749,-0.299615012739459,0.141171607992355,49
12,0.000244140625,-0.0577453480541071,-0.020198550945145,0.121105454128443,0.145966005260167,-0.287469833957017,0.171979137848803,-0.23540104605583,0.176557407342465,0.0490208497930355,0.223885655779813,-0.285514816816482,0.170024120708268,49
18,1e-18,-0.0971159632306195,-0.0200670748033458,0.147184659530027,0.138546438278188,-0.320920649680288,0.126688723219049,-0.14639500705305,0.14215545303296,0.101283587816361,0.206415095448635,-0.331266354296919,0.13703442783568,49
1,0.5,0.505518558055284,0.473683040380395,0.0918596231226893,0.0976413048884311,0.416864575633793,0.594172540476775,0.410840911708274,0.553480296276283,0.405107407793213,0.558101022006099,0.362919227638124,0.648117888472444,50
6,1e-06,-0.0176279408920383,0.0314587178078594,0.120215248310148,0.12413231682201,-0.221495098910672,0.186239217126596,-0.147915034493577,0.205569784932635,0.075968037664139,0.216571015458835,-0.249941224459998,0.214685342675922,50
12,0.000244140625,0.157325268501405,-0.0481968018227457,0.116454796773261,0.125154645684156,-0.133222143262031,0.44787268026484,-0.170815007195166,0.0165576023511771,0.0227913836147343,0.141929958186579,-0.0212629910117789,0.335913528014588,50
18,1e-18,-0.112578563326314,0.131322759818128,0.119156571759559,0.135124909799861,-0.46893126392016,0.243774137267532,-0.0424262162534317,0.246318962576834,0.041365525031708,0.253706841291658,-0.284230443348451,0.0590733166958226,50
1,0.5,0.396672896432889,0.326232363005807,0.104863657092079,0.104756319694926,0.257683023321866,0.535662769543912,0.252542566041241,0.373507591789049,0.267889955035063,0.373141800822439,0.206560501949606,0.586785290916172,51
6,1e-06,-0.0557501536862676,0.0443746552188891,0.108490638182346,0.109551222190189,-0.234883452184378,0.123383144811843,-0.0667883430692219,0.125288109868878,0.0253236521970673,0.115658739510249,-0.251678381676145,0.14017807430361,51
12,0.000244140625,0.00533080221256849,0.0829525361738449,0.102431234646054,0.111366762763609,-0.224854097442425,0.235515701867562,-0.0624621076923142,0.249917199933717,0.0167812480418648,0.230216489779229,-0.166200769597413,0.17686237402255,51
18,1e-18,-0.00312994759075444,0.0325065447265592,0.100734089003554,0.112935383135618,-0.138517351935037,0.132257456753528,-0.0744728910639511,0.134708399235366,0.0722671278263717,0.118766663998802,-0.178511848184914,0.172251953003405,51
1,0.5,0.412145665747162,0.387174037070721,0.0954180396733802,0.0954807476354251,0.297908329585011,0.526383001909314,0.283651942516472,0.468792881371801,0.294733185137866,0.462044905358129,0.257169247871572,0.567122083622753,52
6,1e-06,-0.0221017624046637,0.0902162488763939,0.10060122774678,0.109910843637656,-0.293759630174489,0.249556105365162,-0.0160375232540429,0.287350356361613,0.0121861182427212,0.244322724330389,-0.183770303731541,0.139566778922214,52
12,0.000244140625,0.136337765427378,-0.0294623264777962,0.11479624557153,0.125659368095571,-0.227562647007973,0.500238177862728,-0.247289996105976,0.138044240303157,0.0773647169878303,0.286667741338431,-0.0635239335158757,0.336199464370631,52
18,1e-18,-0.147281260672595,0.0459501807399172,0.127338801774976,0.133435599629716,-0.447144942613872,0.152582421268683,-0.136111937832494,0.179666150149111,0.0197302131626794,0.231189428496776,-0.340143805624796,0.0455812842796066,52
1,0.5,0.503104599294104,0.499701004406791,0.100247625904024,0.104104445453591,0.396059843616403,0.610149354971806,0.427789161510334,0.611803862500982,0.451282735388113,0.58093678630598,0.265759167916701,0.740450030671507,53
6,1e-06,0.105395227014655,0.0586023188959927,0.115326430243032,0.127521258839481,-0.0445349698313486,0.255325423860659,-0.0742925179545271,0.0985144918215889,0.0659009865350818,0.099422111673374,-0.112442649787975,0.323233103817285,53
12,0.000244140625,0.0506463013863941,0.00212060971620227,0.117239877645284,0.131684038452311,-0.17332018031484,0.274612783087628,-0.192601023829604,0.0946781281915716,0.0397545930682868,0.0965418568404747,-0.222301914987129,0.323594517759917,53
18,1e-18,0.0112993399899355,-0.114426186187272,0.127629767565966,0.131792574926943,-0.247830359574665,0.270429039554536,-0.287109153985865,0.0511290915665807,0.06319527605661,0.253740041599142,-0.230018936143389,0.25261761612326,53
1,0.5,0.486972787257146,0.454337675198783,0.0942203538717219,0.100292873137569,0.383543989848521,0.590401584665772,0.378540223203481,0.527725939415854,0.370966881407021,0.533241951471427,0.347322315615209,0.626623258899084,54
6,1e-06,0.181721456693657,0.0671015301528443,0.116319524053145,0.122669676052799,-0.019949117078518,0.383392030465832,-0.0296368904222403,0.192597604375641,0.0208998639002298,0.20152444690515,0.0144874276439533,0.348955485743361,54
12,0.000244140625,0.0774822633654687,0.013112114289232,0.127617215056817,0.131298215812495,-0.0735729051406309,0.228537431871568,-0.0877191573886842,0.123556078119397,0.0189647436943573,0.136368769462752,-0.11516903843542,0.270133565166357,54
18,1e-18,0.00541193489565579,-0.0649869407344892,0.105460396520305,0.119025954297324,-0.312920317343068,0.323744187134379,-0.390572776258096,0.0536479488490968,0.0407395962591956,0.24978821757229,-0.229009524876857,0.239833394668169,54
1,0.5,0.689526619302605,0.520857946724546,0.0926799706471717,0.0984094049407699,0.463591906077025,0.915461332528184,0.450228982507815,0.57010214025653,0.472427827684839,0.556251110289135,0.544419690598463,0.834633548006746,55
6,1e-06,0.0232917112600611,0.00156748336205775,0.121499034176806,0.122684846041389,-0.299389168334817,0.345972590854939,-0.289944730147828,0.275178059681281,0.0546665334448809,0.267340478261175,-0.17962677099239,0.226210193512512,55
12,0.000244140625,-0.146551327907569,0.0976385423975961,0.122150542705157,0.126023492762528,-0.574859687078014,0.281757031262876,-0.0334783278972457,0.281871986926156,0.0300870788271682,0.201047967838378,-0.345027866651391,0.051925210836253,55
18,1e-18,-0.0884625043301705,0.0504539166301042,0.120406398079486,0.127814855442892,-0.325807419663809,0.148882411003468,-0.0354531061489332,0.166170646623231,0.0236018650003413,0.131340405335648,-0.288398090237245,0.111473081576904,55
1,0.5,0.567571815983181,0.583291601016662,0.095089944355162,0.0968820350707463,0.391043198682051,0.744100433284311,0.448571256712297,0.747454061777046,0.469954895198091,0.772061599063189,0.419582889508923,0.715560742457439,56
6,1e-06,0.0552326310863213,0.201500135318199,0.118579440553843,0.136184865285931,-0.285562160089883,0.396027422262526,0.0805861945611756,0.416534336597857,0.0781793712789113,0.366543751485211,-0.190414385089005,0.300879647261648,56
12,0.000244140625,-0.0354329456881125,-0.0779669930902373,0.111031006106109,0.139817435391171,-0.206617146554867,0.135751255178642,-0.234843545769856,0.0241944419880795,0.0183904310740268,0.205248808822082,-0.256546248080278,0.185680356704053,56
18,1e-18,0.0562446108629694,0.00732163794229196,0.115493310248886,0.130551135400399,-0.208079946320517,0.320569168046456,-0.240979130836842,0.196898912978266,0.0866123801435443,0.268287933703634,-0.127443963928553,0.239933185654492,56
1,0.5,0.645152870413334,0.526007212399549,0.0951451817848042,0.104497133697867,0.493863772341399,0.796441968485269,0.482394756806364,0.578836427044392,0.473721775673188,0.552199511986323,0.512033669786969,0.7782720710397,57
6,1e-06,0.0125720052942267,0.0850187040639449,0.130693910956439,0.140675112350761,-0.199980579166664,0.225124589755118,-0.0417529650353411,0.254422482851021,0.02936935763411,0.21365699600868,-0.198545409924105,0.223689420512559,57
12,0.000244140625,0.27988845596488,-0.0224646873827665,0.131323341391174,0.15123891268053,-0.183593193142066,0.743370105071827,-0.212816912288304,0.0200941056290426,0.0636623220866059,0.108791293972076,0.0225460076647438,0.537230904265017,57
18,1e-18,-0.00437760550463075,0.0696312087656688,0.153099123377757,0.163503365463788,-0.125985716545364,0.117230505536102,0.0213335102195187,0.122443820658892,0.027588230529197,0.118385881178864,-0.251524686622645,0.242769475613384,57
1,0.5,0.61948750000187,0.63624513335112,0.0954538553440596,0.105277585613991,0.43493230186623,0.80404269813751,0.475341023937244,0.791841496956085,0.516236922377499,0.776115565585587,0.446863014905844,0.792111985097897,58
6,1e-06,0.025592508234826,0.203999911504441,0.147628999097002,0.144158526778904,-0.262630390077563,0.313815406547215,0.108920213996111,0.332187675105592,0.139594751211583,0.294252823659436,-0.208200757190492,0.259385773660144,58
12,0.000244140625,-0.0600713109879469,0.0258087992422626,0.130476381547373,0.149335525295338,-0.378741247684434,0.258598625708541,-0.154674751276012,0.305750213970031,0.056866217359181,0.287838823246562,-0.306338162133032,0.186195540157138,58
18,1e-18,-0.320895337025791,0.00152360558255537,0.138950300371379,0.158806808621001,-0.872165934603322,0.230375260551739,-0.0226159542920194,0.230969345063364,0.0207511553955711,0.139080924133638,-0.624033739690781,-0.0177569343608023,58
1,0.5,0.523268020583316,0.548024769829334,0.0896763560125856,0.100187680628911,0.401365844533441,0.645170196633192,0.443511379202513,0.657362496879447,0.451576933528531,0.650938546948934,0.38068461158418,0.665851429582453,59
6,1e-06,-0.11281835284015,0.011723058186313,0.176235492470999,0.120574543552553,-0.311157073115055,0.0855203674347559,-0.0680009302281841,0.101612212408413,0.0236040810167976,0.101323422228566,-0.309342809991728,0.0837061043114288,59
12,0.000244140625,0.0754880055400665,-0.00146320764770115,0.123189884947781,0.128007804102942,-0.0321671909392404,0.183143202019373,-0.0323799082675021,0.141964090776354,0.00959583057402923,0.199163985700086,-0.0707562885875539,0.221732299667687,59
18,1e-18,0.128901978419972,0.0153022617446377,0.141712099868092,0.144408610572627,-0.0772576774122575,0.335061634252202,-0.0857418660219797,0.141870022419616,0.040792210396067,0.15447150089445,-0.0666346321483921,0.324438588988337,59
1,0.5,0.430643129600647,0.454634661820531,0.0801149560804321,0.0928653937549394,0.319416343050573,0.541869916150721,0.362800379504406,0.54793735919557,0.382285488981572,0.551796757039237,0.273374498541083,0.587911760660211,60
6,1e-06,0.196479408284954,0.0779537576577726,0.10006014968636,0.112117099653142,-0.0363199065166684,0.429278723086577,-0.0421361766685994,0.264786814613377,0.00367393779593845,0.252049838731147,0.0170225981041638,0.375936218465745,60
12,0.000244140625,-0.0614708418377715,-0.000847149221708987,0.110685929388932,0.120362959823655,-0.241699644274525,0.118757960598982,-0.224366004777663,0.120098051457035,0.116687211257714,0.238875892565752,-0.231223129165478,0.108281445489935,60
18,1e-18,0.0578735102476346,-0.0285411179922036,0.112771766106141,0.126104124579801,-0.146274409845673,0.262021430340942,-0.158069121365876,0.0836910905849681,0.00400917277205347,0.155263970230815,-0.146067023060296,0.261814043555565,60
1,0.5,0.615152577790171,0.5724347640268,0.0925209306737482,0.0958982669126183,0.494710948627055,0.735594206953287,0.478320665999344,0.668393734334612,0.458088103761409,0.665700257729307,0.474062411083153,0.756242744497189,61
6,1e-06,0.287642645605716,0.250398514161071,0.129315637225362,0.13197461510116,0.182203363741372,0.39308192747006,0.175615937441827,0.34690785463707,0.15187297788214,0.352407673725316,0.0975428112402872,0.477742479971145,61
12,0.000244140625,0.0458249340977113,0.0854944440778719,0.128974839118214,0.14363848528602,-0.226616134882951,0.318266003078373,-0.172465672562959,0.30383888717902,0.0120745284696789,0.274352786022265,-0.216930042733864,0.308579910929286,61
18,1e-18,0.35527626494377,0.0564994519677093,0.154695676157144,0.163621705643751,0.0773840645445185,0.633168465343021,0.0632242706428319,0.294697231900367,0.0805300149947104,0.268640168699761,0.191692453712271,0.518860076175269,61
1,0.5,0.519330279120921,0.457254319821492,0.0967396710282872,0.10778617949839,0.386718844861817,0.651941713380025,0.375587881112326,0.512373102516067,0.382123257722447,0.511316673398852,0.369448165966783,0.669212392275059,62
6,1e-06,0.0919545093414585,0.105955438637981,0.130575579851962,0.139496971562431,-0.0696062813432936,0.253515300026211,-0.0698547401565494,0.185302341806913,0.106706454946988,0.191772434286126,-0.135283800831807,0.319192819514724,62
12,0.000244140625,-0.227107252450106,-0.0589818354027668,0.126965322775043,0.127301481169414,-0.458839353914895,0.00462484901468288,-0.154710106061306,0.0123915851336617,0.0644859537640053,0.17072684278668,-0.42670938118606,-0.0275051237141527,62
18,1e-18,-0.123114819167339,-0.0651952069486824,0.120003843083931,0.144156099250424,-0.333262571820321,0.0870329334856433,-0.257401582386848,0.0856838320789593,0.0361967780295112,0.232043334120414,-0.353645912887299,0.10741627455262,62
1,0.5,0.529715225897505,0.605471529936513,0.0989391237716704,0.10359614266522,0.379816408350241,0.679614043444768,0.504072952464275,0.694742337379507,0.498501228734347,0.725988900659584,0.373132996979897,0.686297454815113,63
6,1e-06,0.145642396055274,0.0421962286438978,0.14071469709092,0.144658706259381,-0.0995035351058422,0.390788327216391,-0.122800753002562,0.188377914029972,0.0685184723101159,0.246769901100266,-0.0246556741349019,0.315940466245451,63
12,0.000244140625,-0.218655718961691,-0.0269189104439083,0.110065666489496,0.140454817362506,-0.562058069294849,0.124746631371467,-0.181800367953493,0.159795957240161,0.00434638464032771,0.192176206418049,-0.402658495358056,-0.0346529425653258,63
18,1e-18,-0.119731184675654,0.0649398097515689,0.126733416867855,0.155660954131558,-0.459180075135024,0.219717705783716,-0.0371129583771073,0.245371217306187,0.0205635515207215,0.194095189987584,-0.353491640208502,0.114029270857194,63
1,0.5,0.312920876012909,0.326028572130605,0.0979510684910584,0.0994603400406166,0.180133464408719,0.4457082876171,0.195486507912735,0.420741938607259,0.206252722245567,0.432362343027315,0.147736218984021,0.478105533041798,64
6,1e-06,0.0232223017404604,-0.00232740609815446,0.103049490588392,0.11556367293471,-0.286972556960032,0.333417160440953,-0.248342889234184,0.273564853356021,0.0356335359819969,0.250645847985518,-0.1742607910657,0.220705394546621,64
12,0.000244140625,-0.0170131682158896,0.134534893012693,0.102010722122389,0.11648235710246,-0.222119788829707,0.188093452397928,0.058833849532156,0.217105337879656,0.0651065399356173,0.23001751218583,-0.157163841255281,0.123137504823502,64
18,1e-18,-0.118843690931963,0.00302970232112375,0.107478345304598,0.116755598136804,-0.407964529684854,0.170277147820927,-0.157059141448011,0.215622787430811,0.0433667742042969,0.213245634727482,-0.303415796907461,0.0657284150435339,64
1,0.5,0.339417123436968,0.353364765218501,0.103020803291941,0.104148306924974,0.23378259081289,0.445051656061046,0.246858277516149,0.439616506028161,0.22656559001006,0.474951665264564,0.19888964516649,0.479944601707447,65
6,1e-06,0.277361509453561,0.0632572801583986,0.115522358517953,0.117604383862643,-0.111115868859707,0.665838887766829,-0.128523488800543,0.21107527198539,0.0238712104368593,0.18912249160891,0.0880269621032801,0.466696056803842,65
12,0.000244140625,0.0917629315481591,0.0873126775934517,0.111559232031387,0.112461454019027,0.0356193825839156,0.147906480512403,0.0436517017197625,0.141373269247619,0.038351376063026,0.156429134914453,-0.0689551409373012,0.252481004033619,65
18,1e-18,0.045394387891789,0.0295546161206946,0.0968786900729904,0.105187759033967,-0.118863371178337,0.209652146961915,-0.120029998849061,0.172118218905156,0.0607732035369886,0.148641401225233,-0.158643090306245,0.249431866089823,65
1,0.5,0.383110604145325,0.358973186254276,0.0785985459799557,0.089123447806426,0.224544245882245,0.541676962408404,0.236953693749835,0.504655582904252,0.240323793223977,0.505170831566115,0.248312862165327,0.517908346125322,66
6,1e-06,-0.0549712205476201,0.100094117955856,0.109370441812489,0.119302836980721,-0.326262683062242,0.216320241967002,-0.0880212671332373,0.224885628448799,0.0454393210352773,0.248255417777204,-0.218965165516703,0.109022724421463,66
12,0.000244140625,-0.057203735234848,0.0540674777187242,0.117485372465977,0.123385063520288,-0.327528371533782,0.213120901064086,-0.160344541289094,0.223044944673541,0.0446691225600349,0.199576357424365,-0.277691709956265,0.163284239486569,66
18,1e-18,-0.253452024589088,-0.00188302153220986,0.12716669027737,0.130126108169815,-0.669058582028861,0.162154532850686,-0.171756402441556,0.214795979420503,0.0404544916833789,0.232982389403581,-0.417938035749876,-0.0889660134282989,66
1,0.5,0.588545681481237,0.529798032392794,0.0906736239645397,0.096908393165543,0.425899915687565,0.75119144727491,0.414431415796249,0.627920288655308,0.413742264154286,0.637032315973766,0.449000421513015,0.728090941449459,67
6,1e-06,0.111311104150846,0.0131553086210892,0.122027792876304,0.132082460855719,-0.0699522222498015,0.292574430551493,-0.100208020906666,0.124758538474546,0.00712070208590344,0.136679225903068,-0.0774555770589726,0.300077785360664,67
12,0.000244140625,-0.11324837166427,-0.163071987204514,0.125278153876346,0.138180087747952,-0.266664665928828,0.0401679226002879,-0.25167838525476,-0.00206237392272371,0.0581565038891865,0.286704511236731,-0.293547624560681,0.0670508812321407,67
18,1e-18,0.132928242577483,-0.0120754567337013,0.135688027241944,0.147377825322095,-0.0847159476192845,0.35057243277425,-0.0909439415500538,0.0639970198651744,0.0134198954044596,0.0846878740207391,-0.0658637124143699,0.331720197569336,67
1,0.5,0.565347183075599,0.548577823343465,0.098810739594347,0.110165519838398,0.419238655456026,0.711455710695171,0.399288743878912,0.608725602595553,0.374644316565314,0.617150222584551,0.412509656163855,0.718184709987342,68
6,1e-06,-0.0280353070881175,0.0436233855372894,0.126939409029864,0.127623022153857,-0.200745723256779,0.144675109080544,-0.127986936755681,0.161105403604519,0.0744898942609152,0.326167549207336,-0.161960995794717,0.105890381618482,68
12,0.000244140625,-0.0099969404488893,0.0143276422803556,0.125189625399366,0.127480916491689,-0.103344138277682,0.0833502573799035,-0.0809958384435725,0.0725121575685159,0.0187335360076982,0.118373115132724,-0.173966383190082,0.153972502292303,68
18,1e-18,0.21168504597281,0.0216786059966868,0.13070274109148,0.144087660271389,-0.0780389848679834,0.501409076813603,-0.0953824741963173,0.14101524991755,0.0350275882498945,0.176999225335544,-0.00279916386826951,0.42616925581389,68
1,0.5,0.354347973612351,0.292577083324902,0.0899520778913698,0.0952559375840907,0.118812288739749,0.589883658484953,0.0940608106979257,0.476750273098384,0.103902861652853,0.433472020532966,0.167249623004625,0.541446324220076,69
6,1e-06,0.155494396701238,0.0784171428629931,0.102735218257443,0.124312786872024,-0.0893781424183507,0.400366935820827,-0.104094121734418,0.264067904049951,0.00675432888551084,0.252210433288217,-0.0475304640951789,0.358519257497656,69
12,0.000244140625,-0.00671689297359333,0.00114026238444459,0.120157394915536,0.126689605582273,-0.157914943683245,0.144481157736058,-0.124350989380725,0.138003497913929,0.0257214570956473,0.13810191015351,-0.22637584003046,0.212942054083273,69
18,1e-18,-0.239232817867295,0.0251623331237677,0.112389731484215,0.125384839394738,-0.627417956872491,0.148952321137901,-0.143091705030722,0.170310152821198,0.0228338804968146,0.162291323326151,-0.423376518192574,-0.055089117542015,69
1,0.5,0.485426220424225,0.493441880102855,0.0990569155157218,0.107653430390712,0.419937023887567,0.550915416960884,0.433572865409908,0.550222437270215,0.43979349398811,0.57451157789986,0.333010490566545,0.637841950281906,70
6,1e-06,0.0970120986035841,0.0748572798186754,0.13585483768593,0.13416072752082,0.0158385833020833,0.178185613905085,0.0229457042256454,0.165744619142082,0.0138039171943407,0.163621523514253,-0.0998437074085587,0.293867904615727,70
12,0.000244140625,-0.0504708523597988,0.0764079746408232,0.114749020498809,0.128098883842883,-0.219311756198248,0.11837005147865,-0.0444480127078684,0.128845427544473,0.0476305723066196,0.167719037180936,-0.19400354807152,0.0930618433519228,70
18,1e-18,-0.00294952757593652,0.000259315626621973,0.113473239787356,0.138962489243662,-0.117836281644659,0.111937226492786,-0.101786555390217,0.0998682717755943,0.0289595432345994,0.150319252126573,-0.157353018837283,0.15145396368541,70
1,0.5,0.696162348799266,0.664212493440536,0.0921828421026422,0.0940840491779593,0.473512111003633,0.9188125865949,0.444169600091628,0.795722364320955,0.547204916341875,0.788390754233506,0.510531861353018,0.881792836245515,71
6,1e-06,0.00938166874726301,-0.108530134046904,0.11617412995204,0.123931112747539,-0.330129147362042,0.348892484856568,-0.332409084547443,0.0559721470123009,0.0354413528502923,0.271809398874893,-0.20296384457886,0.221727182073386,71
12,0.000244140625,0.0509416884773895,0.0815444484058755,0.120710652923017,0.138065031994684,-0.138434675494078,0.240318052448857,-0.0891083976847551,0.234487115234626,0.0335468768875143,0.205298508866355,-0.17562943449353,0.277512811448309,71
18,1e-18,0.177900714837192,0.0407710329224509,0.117710523650672,0.134355051466723,-0.105054296260447,0.460855725934831,-0.117370875879882,0.198064743021285,0.0763708803585479,0.206235773517243,0.0191136101005306,0.336687819573853,71
1,0.5,0.679259019805663,0.705665897526104,0.0888057479449689,0.10153973536973,0.572126608847028,0.786391430764298,0.607033658367823,0.793710959758553,0.605723696395342,0.791705169545003,0.552414402679438,0.806103636931888,72
6,1e-06,-0.0674777470891268,0.0204491831543081,0.123170686808621,0.134008481032397,-0.248677973060938,0.113722478882684,-0.139980146943364,0.137024840475426,0.0874268349486821,0.16887324623246,-0.223633200102942,0.0886777059246887,72
12,0.000244140625,0.0304589341021368,0.0342168780958308,0.142665277904973,0.136417851647293,-0.0515766858345967,0.11249455403887,-0.0526199183615273,0.0942216667702005,0.031117950194003,0.112172575574135,-0.154793682493781,0.215711550698055,72
18,1e-18,-0.132076424586029,0.00700899329524212,0.143123778073937,0.137810500685025,-0.394812303539171,0.130659454367112,-0.109704347101135,0.152467926818435,0.0510684069629266,0.144663011635924,-0.38846951337693,0.124316664204871,72
1,0.5,0.483511173894261,0.51229303743536,0.102964575274214,0.107643117673295,0.414674456498664,0.552347891289858,0.450260417974181,0.555592305237278,0.453136727026798,0.558908308679353,0.336479090924631,0.630543256863891,73
6,1e-06,-0.0905250942456095,0.0465840307840454,0.111577757162204,0.113927737282588,-0.39560286311625,0.214552674625031,-0.0691717981054207,0.255562453387235,0.027300989941336,0.165903562287303,-0.285191313260149,0.104141124768929,73
12,0.000244140625,-0.00436993303349797,-0.0904543034673071,0.120384714892663,0.140745501631058,-0.153577794418768,0.144837928351773,-0.155618280381523,-0.0221470911448281,0.0227472387709214,0.178120103508241,-0.196151752452894,0.187411886385898,73
18,1e-18,-0.0156224455774942,0.0280561951452849,0.129397338308498,0.139712520470695,-0.121783881570308,0.0905389904153196,-0.0544375619617579,0.106337847821707,0.0198744101439184,0.142647388890173,-0.197242906387848,0.165998015232859,73
1,0.5,0.621588067617186,0.582159073020185,0.0922338698019706,0.098620492116798,0.559150691124518,0.684025444109854,0.558132030914864,0.62744403213597,0.547636949858925,0.628307585888638,0.494331837152594,0.748844298081778,74
6,1e-06,0.0754807411853685,0.0979009584438863,0.128753185925955,0.133275435129098,-0.175145313770806,0.326106796141543,-0.165713555171801,0.279236670379073,0.0468510826783069,0.276618551348819,-0.16887323404347,0.319834716414207,74
12,0.000244140625,0.088056288519742,0.0551178731630734,0.111758538513532,0.132239507764854,-0.067901909026661,0.244014486066145,-0.0750060158531989,0.16933551140462,0.0727194936683696,0.169164839306806,-0.103095616901194,0.279208193940678,74
18,1e-18,0.0208107429067588,-0.0840816887579858,0.117053750435972,0.145320503050328,-0.107322161066175,0.148943646879693,-0.12651800026396,-0.00899772981812841,0.0175253317012967,0.203238503244367,-0.118987258907607,0.160608744721125,74
1,0.5,0.409845219454538,0.388677811621612,0.112765753800357,0.102014129296121,0.329351571233703,0.490338867675374,0.326705380553839,0.454016709890916,0.277252727141085,0.481692251631593,0.29659291796223,0.523097520946846,75
6,1e-06,0.177039545665977,0.102657064577085,0.106023001359207,0.125771936410017,0.0282410734259778,0.325838017905977,0.0266654576122772,0.272368181791866,0.0141371210913687,0.277835462021228,0.0310911103807992,0.322987980951155,75
12,0.000244140625,0.182282494301417,-0.0515785108066682,0.120125750647305,0.131080239664759,-0.0836842960250944,0.448249284627929,-0.0971101642439922,0.0865730275278125,0.0320465008629549,0.139448945439704,0.0289318616537103,0.335633126949124,75
18,1e-18,0.16033352698663,-0.0428907291612682,0.121202089178719,0.138463906200648,-0.164437777961314,0.485104831934575,-0.172003612434919,0.102411661534564,0.0484732520048332,0.185283088435823,-0.0133179584344363,0.333985012407697,75
1,0.5,0.516064314281506,0.606078825647043,0.082143873989438,0.0983618276943819,0.247522084912637,0.784606543650375,0.497390562717924,0.792031984383079,0.501320926928491,0.707431281846548,0.347168305902699,0.684960322660314,76
6,1e-06,0.204250474551076,0.153740987103782,0.13456344887125,0.136914895834014,0.0941986343585988,0.314302314743553,0.0859589314282786,0.25293901336887,0.0792703250551383,0.26904553558503,0.00869615034634907,0.399804798755803,76
12,0.000244140625,-0.0874213582999051,0.0841664495915583,0.119687718206005,0.140188004872395,-0.437849836185897,0.263007119586087,-0.0582934934564848,0.320804426968138,0.0248832546578647,0.267811608617544,-0.283439650947296,0.108596934347486,76
18,1e-18,-0.048011280258838,0.0217937406567844,0.120422782160487,0.142159093607992,-0.270311075247918,0.174288514730242,-0.181091040237891,0.196066555408563,0.0419088307557449,0.231612727538268,-0.215197353431744,0.119174792914068,76
1,0.5,0.416510839624731,0.352185274622643,0.0869897552197557,0.10550935743116,0.0182055651049668,0.814816114144494,-0.0205557057208526,0.626871765835429,0.120328010488628,0.516616328888859,0.193556496755703,0.639465182493758,77
6,1e-06,0.127159808657985,0.0635299907323775,0.107237772577168,0.112137655809272,-0.0607160736837977,0.315035690999767,-0.0685663761224205,0.179549435876871,0.0137834784265999,0.173678336278414,-0.0839699257052185,0.338289543021188,77
12,0.000244140625,-0.0259731304763608,-0.0637246895273016,0.107692157100297,0.119773396869069,-0.135719231407204,0.0837729704544823,-0.124100091957313,0.0521942365167609,0.096806007285946,0.115829452605611,-0.209024973288727,0.157078712336005,77
18,1e-18,0.194096228060516,-0.0236779500977331,0.115373165340398,0.126209220087054,-0.308874314841933,0.697066770962964,-0.30899372956107,0.190252241489448,0.0174682449568826,0.227342684158776,-0.0488548579418531,0.437047314062885,77
1,0.5,0.495122920978382,0.441119024998473,0.10301595892961,0.0978476343961971,0.308069680262461,0.682176161694304,0.281029197804931,0.564086280726765,0.323781310105082,0.568925766207201,0.331400625823784,0.658845216132981,78
6,1e-06,-0.00488116862001139,0.0249326676580657,0.115875197979458,0.115462223138892,-0.101024939248041,0.0912626020080182,-0.0653784905443543,0.0942260727442794,0.0189474709362041,0.0813448685622636,-0.232115999713452,0.222353662473429,78
12,0.000244140625,-0.144695160267379,0.0341119460796451,0.11889634160707,0.119986259142662,-0.330293480553355,0.0409031600185965,-0.0602584382467855,0.0548444052614619,0.0167074142838002,0.131889848390827,-0.291941311782912,0.00255099124815372,78
18,1e-18,-0.0201317794748488,0.070547413966458,0.11311034115641,0.123859529075108,-0.148426795257887,0.10816323630819,-0.0624038277241651,0.115434577819388,0.0750328601961474,0.154283494090354,-0.165414930885261,0.125151371935563,78
1,0.5,0.458391739426232,0.425602176173597,0.0965099461181256,0.106492612669242,0.388525701522553,0.528257777329911,0.383999997662585,0.476334305074926,0.372964760662323,0.480653673921554,0.320092536955366,0.596690941897098,79
6,1e-06,0.109375230849124,0.0161491429321392,0.123112191684318,0.128348033453029,-0.067829020392049,0.286579482090297,-0.0776955707473929,0.224210496693566,0.0454692063839249,0.236625364196953,-0.0671678581080162,0.285918319806264,79
12,0.000244140625,0.000333328360099886,-0.0485386265993436,0.118538888766534,0.121848569287287,-0.26732130012445,0.26798795684465,-0.294509697672074,0.100488462916484,0.00933737112272313,0.194543422599231,-0.265716427919984,0.266383084640183,79
18,1e-18,-0.00371946016159759,0.036671632969017,0.118669684619062,0.136918286018886,-0.144567650193396,0.137128729870201,-0.100458628681346,0.14405802889151,0.0471276349471088,0.126626309059231,-0.210551828115529,0.203112907792334,79
1,0.5,0.48073998453073,0.513220336676237,0.093658531343867,0.101681786159072,0.380753513144872,0.580726455916587,0.421158374106389,0.583056854762416,0.418989574096226,0.58987241236842,0.328330257268081,0.633149711793378,80
6,1e-06,0.24092628115662,0.132319127475198,0.131935435569643,0.128694836786765,0.0176516994812283,0.464200862832012,-0.00327693407132038,0.262888994185237,0.0699414907354396,0.265969252989273,0.0547791138538171,0.427073448459423,80
12,0.000244140625,-0.0196063079629546,0.100504440065598,0.133941740545988,0.157520358528172,-0.178043120205269,0.13883050427936,0.0690482098417859,0.147036405550498,0.0655839782787148,0.137564061190914,-0.241861494097613,0.202648878171704,80
18,1e-18,-0.0315151805030177,0.0323314655734913,0.118230334669569,0.145611337026921,-0.363124965480383,0.300094604474348,-0.201148024143661,0.318378392864893,0.0448724253913185,0.219103190729227,-0.284307372967838,0.221277011961802,80
1,0.5,0.634316018805584,0.550370986457047,0.0893375008767852,0.100950674071486,0.405067020228852,0.863565017382316,0.404127074293619,0.697506301375652,0.448317628234859,0.71064003196372,0.462652022211499,0.805980015399669,81
6,1e-06,-0.0343942372295461,0.158705645576874,0.136055514271419,0.135922129004159,-0.224823375523528,0.156034901064436,-0.00669995803339541,0.161223318170994,0.025552658515498,0.316838652482234,-0.192472588455384,0.123684113996291,81
12,0.000244140625,-0.20053969759156,0.0485308206589547,0.10413544829267,0.126830311548541,-0.719576195815958,0.318496800632839,-0.0438669178551884,0.319715271695005,0.0674899931508682,0.158447084486022,-0.466909035834894,0.0658296406517746,81
18,1e-18,0.0602699808046567,0.00587829402508697,0.138464853747246,0.145321812025872,-0.0895553527224504,0.210095314331764,-0.0896256601520882,0.110416832736483,0.0533855644237821,0.114960345754996,-0.167547460903108,0.288087422512421,81
1,0.5,0.321556806794237,0.313874509327297,0.0911804740868206,0.094217329910601,0.17952996414898,0.463583649439493,0.171641791256075,0.406462802211545,0.141584069800563,0.412180789960102,0.184722752255668,0.458390861332805,82
6,1e-06,0.102564927163896,0.0321482143208127,0.108823009034265,0.108001661291832,-0.124466571451468,0.329596425779259,-0.165155616479639,0.138149223023751,0.0134586552371853,0.136337072874171,-0.100900602640891,0.306030456968683,82
12,0.000244140625,-0.0859832587757652,-0.00376232811429412,0.0945223169084852,0.106896127199631,-0.341149924215654,0.169183406664123,-0.105557611674087,0.179956259008153,0.0281720098804277,0.10847078126413,-0.287087923205232,0.115121405653701,82
18,1e-18,0.00607523496773901,0.0492507421446425,0.10671206579488,0.112785378499849,-0.233350379542404,0.245500849477882,-0.149197012876166,0.256404171735686,0.0895538624339626,0.300065128091527,-0.14489453585931,0.157045005794788,82
1,0.5,0.477092407033692,0.547582429058282,0.0948498759015801,0.103165298823485,0.322026208392433,0.632158605674952,0.405015019509176,0.637588063511645,0.413690707879467,0.635118696692145,0.308906668303912,0.645278145763472,83
6,1e-06,0.148079479286678,0.0869555108783303,0.116030641816718,0.126507868554958,0.021944518762809,0.274214439810548,0.0144413357374142,0.172965597523629,0.0100770508928756,0.174396343727284,-0.0343453645868878,0.330504323160244,83
12,0.000244140625,0.0732283396395586,-0.0244723822098098,0.13493734876696,0.139440275511338,-0.075138481054106,0.221595160333223,-0.0858599870986966,0.11799584519726,0.0367047019343297,0.165305369637453,-0.0607852496316921,0.207241928910809,83
18,1e-18,-0.00883225180303979,-0.0864213629686205,0.111559353080499,0.143537407861263,-0.219061840548476,0.201397336942396,-0.219306870501599,0.0850972683165861,0.0283851130818256,0.252809070906373,-0.178388948528471,0.160724444922392,83
1,0.5,0.566529871479415,0.616087473224851,0.0916051348773015,0.102262850910702,0.432426601512863,0.700633141445968,0.47252631333073,0.697634722190254,0.470682765215577,0.694225566507343,0.406931495027812,0.726128247931018,84
6,1e-06,0.0543223964976036,0.00638303916858242,0.111460190182177,0.129142459259682,-0.130307352862554,0.238952145857762,-0.161404316586662,0.117516115250845,0.0395134413207515,0.16494232080371,-0.14804632279439,0.256691115789597,84
12,0.000244140625,-0.0762844829686427,-0.0297051038326301,0.125001874796721,0.128818721544875,-0.208406500647705,0.0558375347104193,-0.169308783078552,0.0603040253663526,0.0182370813001024,0.166159578788091,-0.269560591607565,0.116991625670279,84
18,1e-18,-0.0339675090315979,-0.0849937702994644,0.125120628677069,0.133130573500317,-0.1802551608314,0.112320142768205,-0.186317987993981,0.0392748815776508,0.030252135922818,0.200920753173158,-0.232982122134976,0.16504710407178,84
1,0.5,0.64266683595625,0.63868053812728,0.105134168178626,0.100077861215742,0.584831838359219,0.700501833553281,0.581455157598968,0.686090314981326,0.566155064521236,0.703773016537313,0.517309207761823,0.768024464150676,85
6,1e-06,0.273744683557972,0.115296741435887,0.118396083424743,0.132229930785819,-0.109133694173382,0.656623061289326,-0.122999492973115,0.255225159764965,0.00774793932834455,0.255084725687079,0.0596469056460473,0.487842461469897,85
12,0.000244140625,-0.186583102204457,0.00232645247610826,0.154209949717051,0.16216207533934,-0.395857207265769,0.0226910028568544,-0.0705801429324826,0.0330286979261211,0.00858746397762511,0.0935803273749215,-0.412743333909145,0.0395771295002304,85
18,1e-18,0.0472410376980716,-0.0539108737500975,0.140444516946829,0.148338356839384,-0.271571301892879,0.366053377289022,-0.232987757481643,0.303964732683021,0.0943192782672842,0.410286018881062,-0.143935034414908,0.238417109811051,85
1,0.5,0.545983576636113,0.520984503218782,0.0987528444878354,0.0969685869635151,0.47018103977812,0.621786113494106,0.472311104667349,0.593829232199647,0.479877854778259,0.571642659773648,0.360718801577436,0.73124835169479,86
6,1e-06,0.00921933226042151,0.0566265598723407,0.103795263633617,0.114606426356778,-0.29756043257238,0.315999097093223,-0.118318389623493,0.334364201358646,0.0236858703407413,0.161900186947727,-0.294655973784333,0.313094638305176,86
12,0.000244140625,0.0554762884413574,-0.00870495002150355,0.125822247336896,0.139448089950448,-0.148473271669461,0.259425848552176,-0.153461928938903,0.181368247801335,0.0332282098956347,0.225810447427254,-0.122737087747274,0.233689664629989,86
18,1e-18,0.0404290424357222,-0.039342405584858,0.118561198312134,0.123874613077519,-0.256277107335791,0.337135192207236,-0.275526277775718,0.145616016556325,0.0114369633957657,0.214308069115924,-0.188108471462485,0.268966556333929,86
1,0.5,0.270161318184346,0.262529972652375,0.0965416456011499,0.106086180124867,-0.00751170427283432,0.547834340641527,0.095613037446603,0.538549297482634,0.0981311817385287,0.507588202610858,0.111017137762177,0.429305498606516,87
6,1e-06,-0.086314315420347,0.0233523092978802,0.103881066476587,0.113079880005441,-0.404794823198465,0.232166192357771,-0.126822942837072,0.276126804257217,0.0179366550642416,0.243591701271093,-0.25182631737911,0.0791976865384164,87
12,0.000244140625,0.108523204979949,-0.00471981750958133,0.112973255836334,0.121322661608,-0.166821573697583,0.383867983657482,-0.216222294095781,0.103953635243722,0.023567150096863,0.233459512668859,-0.0652621399206113,0.28230854988051,87
18,1e-18,0.129900160488821,-0.0239222330519862,0.104800291314528,0.117543122379267,-0.145407445447334,0.405207766424976,-0.163989212297287,0.107850702479668,0.0535623980885419,0.163343276688616,-0.0367446595072846,0.296544980484927,87
1,0.5,0.517570756773753,0.437918703474777,0.0882927267982044,0.096063109263615,0.333344676087599,0.701796837459906,0.329723583278863,0.563773496435711,0.341189467244385,0.557081702963078,0.360732705659219,0.674408807888286,88
6,1e-06,0.196996656841738,0.119267857423807,0.125776126145269,0.12887300038219,0.0243495944770752,0.369643719206401,-0.0010799297230705,0.269539734230617,0.0853483284936602,0.260193161525928,0.0258657785326665,0.368127535150809,88
12,0.000244140625,0.00233737156322447,0.0711988547385067,0.124661660176391,0.123833064841922,-0.210534229234425,0.215208972360874,-0.0475796817390304,0.220500324249798,0.00876488598432626,0.215019850952235,-0.200545432618912,0.205220175745361,88
18,1e-18,-0.262103838406076,0.0605132428110317,0.13630318494264,0.15678632020825,-0.930716039789688,0.406508362977536,0.221608817271588,0.435837272814675,0.0218318451059728,0.103458204961397,-0.656291497111026,0.132083820298875,88
1,0.5,0.480112578375269,0.400244814902309,0.115523973295251,0.104884484247449,0.294076757844774,0.666148398905764,0.278849273910879,0.565239301912095,0.303646335618459,0.571416981276289,0.321891185182581,0.638333971567957,89
6,1e-06,0.205423766499189,0.0859139384259203,0.134043389977008,0.131665726450106,-0.105897155267672,0.516744688266049,-0.154689299859729,0.210996611826188,0.0640924121791085,0.211899619717219,-0.0243012668717105,0.435148799870087,89
12,0.000244140625,0.023765148668745,0.10572843378161,0.121036550575169,0.13334398986602,-0.181467818962567,0.228998116300057,0.0443290482483437,0.24526122801239,0.0363818884727355,0.172885741232558,-0.285822783615269,0.333353080952759,89
18,1e-18,0.0120313563245183,-0.0875638342605615,0.121782430975134,0.138602823115991,-0.24438088421241,0.268443596861446,-0.247067444782801,0.131387385178163,0.0699196430835912,0.317804660506242,-0.183368950358348,0.207431663007384,89
1,0.5,0.372400874581587,0.439922437564956,0.0849360543473164,0.0993527635497668,0.249253914898366,0.495547834264809,0.342031327174705,0.496211211474119,0.344129343283398,0.488367529517749,0.230064075914162,0.514737673249012,90
6,1e-06,-0.249440567096183,0.0950866078332715,0.097217549305204,0.109410981513372,-0.697339878927836,0.19845874473547,0.0298689057288286,0.230675046421091,0.0144756370833998,0.205732248201375,-0.409225280320803,-0.0896558538715635,90
12,0.000244140625,0.0196007788237182,-0.0311170460580847,0.112564806170592,0.12629885915871,-0.085193522659373,0.124395080306809,-0.086716282406172,0.0282403762881053,0.00795469421727103,0.111793213847652,-0.136604559654302,0.175806117301739,90
18,1e-18,0.0882621978453667,0.00648635832652535,0.0984978293101718,0.130091303854741,-0.272326043359371,0.448850439050104,-0.281565609200401,0.225491577572298,0.0383488719136443,0.209955390833829,-0.14149999056938,0.318024386260113,90
1,0.5,0.445156650388831,0.470591940006647,0.0959438219114295,0.104276538061672,0.243389563383894,0.646923737393768,0.368633374778092,0.671943411290905,0.389734338074919,0.613759527048747,0.245151617202765,0.645161683574898,91
6,1e-06,0.171134297607942,0.124468513740204,0.110986976377746,0.125765043208845,0.105308714674689,0.236959880541195,0.101556530434554,0.205414352768445,0.0488376856968011,0.225622812776498,0.0533205336211737,0.288948061594711,91
12,0.000244140625,0.0886979513940949,-0.116361078571637,0.102522144911782,0.101594623898076,-0.150717079271508,0.328112982059698,-0.156970171873548,-0.0503418271446212,0.0598190491016988,0.196660705228523,-0.0747231588331903,0.25211906162138,91
18,1e-18,-0.0285461392752784,-0.00677824427492626,0.126343291758822,0.13074210112648,-0.184864716305241,0.127772437754684,-0.17709704330145,0.116840464720547,0.0950667746401578,0.189221218255385,-0.241788608262795,0.184696329712238,91
1,0.5,0.382817395708797,0.319169239916857,0.0760553341421511,0.100218640419267,0.082330083281948,0.683304708135646,0.0167105221808576,0.459052512418536,0.156927916981062,0.446618230278884,0.24284593460894,0.522788856808653,92
6,1e-06,-0.0247255459799482,0.0667195288987145,0.113739370460237,0.109813609540591,-0.24254699396537,0.193095902005473,-0.171112333157506,0.191079043545174,0.0626746763879782,0.251261003792194,-0.172265919520865,0.122814827560969,92
12,0.000244140625,0.231173396173314,0.0935308173398426,0.116178114051613,0.117606397105435,-0.00413820987723904,0.466485002223866,-0.012158728915373,0.181622848280551,0.00966052566338693,0.185045917080172,0.0330720704435288,0.429274721903098,92
18,1e-18,-0.22390645673934,0.0813272747807784,0.111542279493606,0.118469662812862,-0.702187566473418,0.254374652994739,-0.0401122090411568,0.272672759767694,0.095053169548523,0.162614095536607,-0.430233557642293,-0.0175793558363871,92
1,0.5,0.597789813776992,0.559737474371658,0.101154272186835,0.103853040445438,0.31232771084051,0.883251916713474,0.295938695991912,0.73513374545693,0.410768045990154,0.687819257494173,0.373407171585072,0.822172455968913,93
6,1e-06,0.0756766705878958,0.0873676196355006,0.123998859592883,0.138461780056177,-0.165436726957563,0.316790068133354,-0.0844340958494237,0.328746865501451,0.0140445648772936,0.303169604166981,-0.140144217562183,0.291497558737975,93
12,0.000244140625,-0.00291397672204049,-0.0424863776182186,0.156254746339076,0.150193398480976,-0.150699105806402,0.144871152362321,-0.128996491187058,0.139536155575739,0.139745217317454,0.228474582179935,-0.159975290265591,0.15414733682151,93
18,1e-18,0.118837754637769,0.00339745704614109,0.135211532802615,0.155626406811179,-0.189997821053279,0.427673330328818,-0.212091607884828,0.124526714559176,0.0167800033174865,0.148527251382962,-0.122204212379082,0.359879721654621,93
1,0.5,0.354168871723388,0.360581454767413,0.0881072909733188,0.103331843013908,0.225851357393117,0.48248638605366,0.22665352458206,0.42111513409284,0.226773384742429,0.414928645413982,0.21351642550892,0.494821317937856,94
6,1e-06,0.229922711254264,0.105109110760728,0.104670058548065,0.115831486296256,0.00411107351880832,0.455734348989719,0.00332157160712707,0.17421986545125,0.0300453875319238,0.17981625574977,0.0249194882008353,0.434925934307692,94
12,0.000244140625,0.270557560787388,0.13684513637702,0.111330399111692,0.118641061714689,0.0721857160895608,0.468929405485216,0.0705595870299012,0.316680695028934,0.01876256389495,0.324189167445866,0.100701202264032,0.440413919310744,94
18,1e-18,-0.0511701338328842,-0.00181660392727359,0.108583871863807,0.130686231274756,-0.203525390136841,0.101185122471072,-0.124757817890506,0.121274322034103,0.038956879249204,0.135877660148608,-0.229033860834271,0.126693593168502,94
1,0.5,0.687629549166759,0.713794784433265,0.0889875980275637,0.10317404381385,0.583171486789796,0.792087611543721,0.600526430076807,0.787612114424877,0.618177861273664,0.785914726791755,0.552885069357622,0.822374028975895,95
6,1e-06,0.00262541190724902,0.092275753289026,0.127065886776461,0.148985826244087,-0.340116605942597,0.345367429757095,-0.0294758757458559,0.384563921014515,0.00806463580036117,0.238157354306526,-0.258164402226831,0.263415226041329,95
12,0.000244140625,-0.26810889414802,0.0237244985180906,0.137015292406948,0.1517296639306,-0.789107328350795,0.252889540054754,-0.0840687873696075,0.333749772780857,0.0326384287849726,0.0998533905985941,-0.49019850024619,-0.0460192880498509,95
18,1e-18,0.090430352932654,0.0824521682020394,0.156967815916342,0.163221780797331,-0.142041381307181,0.322902087172489,-0.145746061308742,0.233292766492244,0.0461286036399067,0.254050642301769,-0.157677476053558,0.338538181918866,95
1,0.5,0.414076969425889,0.437732637599664,0.0867318545687441,0.0975843944468297,0.333311037284199,0.494842901567578,0.370809658049583,0.497664286107416,0.35713713246418,0.511480502925404,0.293713810810761,0.534440128041017,96
6,1e-06,-0.0655580080651023,0.00313087270296631,0.110422485585418,0.121515288436334,-0.239647573208425,0.10853155707822,-0.0574779456445186,0.143982533235926,0.00588877154765102,0.12637453866791,-0.27962681104743,0.148510794917225,96
12,0.000244140625,0.0235430974774387,0.0432131595807907,0.112130513464418,0.126894735729931,-0.299425191083692,0.34651138603857,-0.0955932228904521,0.392160702291609,0.00999747318257781,0.237247174835788,-0.217291815568454,0.264378010523331,96
18,1e-18,0.0472944465468679,-0.0528279021314547,0.12414816453913,0.139500208387355,-0.178668915559236,0.273257808652972,-0.191270196145043,0.141207788218606,0.0693218696024216,0.169984548407144,-0.187628928782328,0.282217821876064,96
1,0.5,0.598045997037731,0.534742475662133,0.0923374084334576,0.0992176836262546,0.416429508758788,0.779662485316675,0.416344524030277,0.713066761628511,0.38112253136899,0.688741181971002,0.444161778489368,0.751930215586095,97
6,1e-06,0.10648968716206,0.0853880909077123,0.116418699758382,0.134701271862885,-0.0591882122695884,0.272167586593708,-0.00159718539056407,0.267704478438872,0.00437413920881225,0.23254655989817,-0.124304244718658,0.337283619042778,97
12,0.000244140625,-0.121068615855715,0.0212904485455488,0.162230695170407,0.142563242451514,-0.45132466453367,0.209187432822241,-0.129005799719946,0.239984937138552,0.027693438367878,0.178627687799696,-0.338811665228548,0.0966744335171191,97
18,1e-18,-0.0873931867208851,0.00536969340850198,0.133513481881329,0.149456382862202,-0.328639034286042,0.153852660844272,-0.0777428244548756,0.195597108861627,0.0308034804896262,0.127072174201262,-0.281554063492761,0.106767690050991,97
1,0.5,0.441371150387884,0.336695490075464,0.0929868263885531,0.0975502044607435,0.317433793274124,0.565308507501644,0.315445442371639,0.385979151225929,0.307270637192936,0.372993108743727,0.314170372312684,0.568571928463085,98
6,1e-06,-0.028188748767711,-0.00926519394006575,0.0998217366729784,0.119917278262304,-0.212948400029617,0.156570902494195,-0.147793038482049,0.162349319374881,0.0122486615752652,0.162061675260322,-0.244476650444884,0.188099152909462,98
12,0.000244140625,-0.0441865076961008,-0.0764568852977908,0.0934344248736247,0.110822000850123,-0.230559485266951,0.142186469874749,-0.246678135642837,0.035917862409501,0.0156037005337846,0.156781344873664,-0.29215132241499,0.203778307022788,98
18,1e-18,-0.251497311882905,-0.0312852803316392,0.0985266134448753,0.113578668989738,-0.842067847846115,0.339073224080304,-0.207019923304092,0.341381627207252,0.0721227110820557,0.221829476369219,-0.501564316722415,-0.00143030704339592,98
1,0.5,0.366829589754597,0.344319415471145,0.0958831625049353,0.100500553396442,0.291398119456689,0.442261060052505,0.291291622505172,0.408053548889228,0.280030340498984,0.403209473687392,0.224731763325151,0.508927416184043,99
6,1e-06,-0.105528262465422,0.199295562833076,0.10113229657862,0.111074420050678,-0.498404306021858,0.287347781091014,0.0524230839537463,0.30710824726812,0.102238341849287,0.305722088231337,-0.238804087407063,0.027747562476219,99
12,0.000244140625,-0.103804661228315,0.103699249955873,0.10670373778992,0.121741874926635,-0.628491182371104,0.420881859914475,-0.0582875086877251,0.441354469201475,0.0830526110822608,0.2111372643926,-0.361587146181667,0.153977823725038,99
18,1e-18,0.147666950189899,0.123517927789927,0.115330633764124,0.125291949975156,-0.095529827307026,0.390863727686824,-0.0648653368056704,0.328267477879465,0.0950127891733409,0.311720538375832,-0.0463744367910949,0.341708337170893,99
1,0.5,0.633972927442652,0.623018558246587,0.0973910907282977,0.104261939584278,0.547945986719701,0.719999868165602,0.543876415780513,0.679406507635704,0.553106227192011,0.694318757251991,0.490902662308999,0.777043192576304,100
6,1e-06,-0.00801026928919659,-0.00145965851465567,0.11620885368678,0.131432118259162,-0.16248865921318,0.146468120634787,-0.117268585743137,0.15713388600473,0.03264595686259,0.136119324947545,-0.232107312967642,0.216086774389249,100
12,0.000244140625,-0.00872469667111786,0.0701433232400022,0.115358810019412,0.134242519279671,-0.228289334534093,0.210839941191857,-0.083634610820358,0.242720090927656,0.0316071905463219,0.215854618983928,-0.206515956542146,0.18906656319991,100
18,1e-18,0.0397954670837909,-0.0995378358143879,0.140185317924755,0.142472338989156,-0.105268087091718,0.1848590212593,-0.108128969252701,0.0152491057133933,0.0202805228253788,0.225444069644914,-0.0862956762792687,0.165886610446851,100
